{
  "results": [
    {
      "command": "./build/algos/linear_search_basic n-chunked-random-s-15-w-uint32 n 0",
      "mean": 0.13544702079999998,
      "stddev": 0.06367256403312188,
      "median": 0.113701172,
      "user": 0.09111159999999999,
      "system": 0.042466000000000004,
      "min": 0.11280279700000001,
      "max": 0.31613986,
      "times": [
        0.31613986,
        0.128925802,
        0.11433412300000001,
        0.114960399,
        0.11373785,
        0.11345001800000001,
        0.11339824400000001,
        0.11280279700000001,
        0.113664494,
        0.11305662100000001
      ],
      "exit_codes": [
        0,
        0,
        0,
        0,
        0,
        0,
        0,
        0,
        0,
        0
      ]
    },
    {
      "command": "./build/algos/linear_search_vector n-chunked-random-s-15-w-uint32 n 0",
      "mean": 0.05811062864,
      "stddev": 0.0004657423685879889,
      "median": 0.058096852000000004,
      "user": 0.0348903,
      "system": 0.022975480000000003,
      "min": 0.057199197,
      "max": 0.059052814,
      "times": [
        0.058645801000000004,
        0.058074311,
        0.057872877,
        0.05837150000000001,
        0.059052814,
        0.058003349,
        0.057395505000000006,
        0.058831297000000005,
        0.058617271000000006,
        0.058573707,
        0.057423239,
        0.05878851400000001,
        0.058147535,
        0.058131528,
        0.057671978000000006,
        0.057956594,
        0.057898450000000004,
        0.057346695,
        0.057739098,
        0.058647960000000006,
        0.057968597000000004,
        0.058092700000000004,
        0.058135096000000004,
        0.058234075,
        0.058101004000000005,
        0.057301225000000004,
        0.058035207000000005,
        0.058008946000000006,
        0.058262689000000006,
        0.057361187,
        0.058698505000000005,
        0.058794185000000006,
        0.057199197,
        0.0582751,
        0.058116600000000004,
        0.058314465,
        0.057415726,
        0.058374239,
        0.058344235,
        0.057782820000000006,
        0.057931212,
        0.058083327000000004,
        0.058984704000000006,
        0.057513037,
        0.057726921,
        0.058550018,
        0.058291063000000004,
        0.057831039,
        0.057984020000000004,
        0.058630270000000005
      ],
      "exit_codes": [
        0,
        0,
        0,
        0,
        0,
        0,
        0,
        0,
        0,
        0,
        0,
        0,
        0,
        0,
        0,
        0,
        0,
        0,
        0,
        0,
        0,
        0,
        0,
        0,
        0,
        0,
        0,
        0,
        0,
        0,
        0,
        0,
        0,
        0,
        0,
        0,
        0,
        0,
        0,
        0,
        0,
        0,
        0,
        0,
        0,
        0,
        0,
        0,
        0,
        0
      ]
    }
  ]
}
