{
  "results": [
    {
      "command": "./build/src/algos/linear_search_basic n-chunked-random-s-29-w-uint32 p 4",
      "mean": 0.21400017553333334,
      "stddev": 0.011515684340071358,
      "median": 0.21035405000000001,
      "user": 0.15620346666666665,
      "system": 0.056745000000000004,
      "min": 0.198772483,
      "max": 0.243690972,
      "times": [
        0.198772483,
        0.243690972,
        0.21012148700000002,
        0.21599025100000002,
        0.212110186,
        0.206458164,
        0.206988841,
        0.21554589500000002,
        0.21035405000000001,
        0.22957159800000002,
        0.221487651,
        0.20149344300000002,
        0.20551734000000002,
        0.21027942900000002,
        0.221620843
      ],
      "exit_codes": [
        0,
        0,
        0,
        0,
        0,
        0,
        0,
        0,
        0,
        0,
        0,
        0,
        0,
        0,
        0
      ]
    },
    {
      "command": "./build/src/algos/linear_search_vector n-chunked-random-s-29-w-uint32 p 4",
      "mean": 0.15319383100000003,
      "stddev": 0.006002287460426801,
      "median": 0.1528830545,
      "user": 0.09263704999999998,
      "system": 0.05952535,
      "min": 0.142973716,
      "max": 0.166939373,
      "times": [
        0.14921504700000002,
        0.160361407,
        0.14634703500000001,
        0.153696692,
        0.150169951,
        0.156494412,
        0.147643553,
        0.152069417,
        0.159597606,
        0.14871296,
        0.15478270700000002,
        0.156652604,
        0.15579188100000002,
        0.145960779,
        0.150551756,
        0.142973716,
        0.166939373,
        0.14910003500000002,
        0.160850625,
        0.15596506400000001
      ],
      "exit_codes": [
        0,
        0,
        0,
        0,
        0,
        0,
        0,
        0,
        0,
        0,
        0,
        0,
        0,
        0,
        0,
        0,
        0,
        0,
        0,
        0
      ]
    },
    {
      "command": "./build/src/algos/linear_search_basic_early_term n-chunked-random-s-29-w-uint32 p 4",
      "mean": 0.22468715171428574,
      "stddev": 0.017348516875185575,
      "median": 0.22265700250000003,
      "user": 0.1684825,
      "system": 0.054385857142857146,
      "min": 0.202540408,
      "max": 0.268775665,
      "times": [
        0.205879066,
        0.22949913600000002,
        0.20977398200000003,
        0.23085875600000003,
        0.23265169300000002,
        0.23470716200000002,
        0.215311092,
        0.21510199900000002,
        0.238536198,
        0.23361335600000002,
        0.268775665,
        0.202540408,
        0.21581486900000002,
        0.21255674200000002
      ],
      "exit_codes": [
        0,
        0,
        0,
        0,
        0,
        0,
        0,
        0,
        0,
        0,
        0,
        0,
        0,
        0
      ]
    },
    {
      "command": "./build/src/algos/linear_search_vector_early_term n-chunked-random-s-29-w-uint32 p 4",
      "mean": 0.1697463661764706,
      "stddev": 0.0026296987606881463,
      "median": 0.16988470600000002,
      "user": 0.11219958823529412,
      "system": 0.0565540588235294,
      "min": 0.16589276800000002,
      "max": 0.174849147,
      "times": [
        0.17119736400000002,
        0.16849302500000002,
        0.16807713900000001,
        0.170837349,
        0.166301993,
        0.167501311,
        0.170768248,
        0.17103190100000001,
        0.172861529,
        0.17366875,
        0.16988470600000002,
        0.17084152900000002,
        0.16589276800000002,
        0.174849147,
        0.16608758,
        0.16924724600000002,
        0.16814664
      ],
      "exit_codes": [
        0,
        0,
        0,
        0,
        0,
        0,
        0,
        0,
        0,
        0,
        0,
        0,
        0,
        0,
        0,
        0,
        0
      ]
    },
    {
      "command": "./build/src/algos/linear_search_vector_early_term_twin_load n-chunked-random-s-29-w-uint32 p 4",
      "mean": 0.15154425336842106,
      "stddev": 0.003915287175371946,
      "median": 0.151327717,
      "user": 0.08949115789473683,
      "system": 0.06078794736842104,
      "min": 0.146382295,
      "max": 0.159279362,
      "times": [
        0.15575971100000002,
        0.154518333,
        0.15274284800000001,
        0.15274990800000002,
        0.151327717,
        0.15270344700000002,
        0.150959172,
        0.15335758700000002,
        0.159279362,
        0.149245857,
        0.153866834,
        0.14754519200000002,
        0.14641741600000002,
        0.146382295,
        0.149834196,
        0.148149901,
        0.146826552,
        0.14860493800000002,
        0.159069548
      ],
      "exit_codes": [
        0,
        0,
        0,
        0,
        0,
        0,
        0,
        0,
        0,
        0,
        0,
        0,
        0,
        0,
        0,
        0,
        0,
        0,
        0
      ]
    },
    {
      "command": "./build/src/algos/linear_search_vector_twin_load n-chunked-random-s-29-w-uint32 p 4",
      "mean": 0.14994848315,
      "stddev": 0.006153437436677244,
      "median": 0.1483521495,
      "user": 0.08612670000000001,
      "system": 0.06255114999999999,
      "min": 0.14093181700000001,
      "max": 0.16556315200000002,
      "times": [
        0.14757093300000002,
        0.147201668,
        0.14907583500000002,
        0.15613041600000002,
        0.148417615,
        0.147139486,
        0.146627339,
        0.15039411400000002,
        0.14895201200000002,
        0.149925567,
        0.159396694,
        0.148286684,
        0.148130841,
        0.14528802000000002,
        0.14093181700000001,
        0.144152223,
        0.14532554,
        0.148452196,
        0.16556315200000002,
        0.16200751100000002
      ],
      "exit_codes": [
        0,
        0,
        0,
        0,
        0,
        0,
        0,
        0,
        0,
        0,
        0,
        0,
        0,
        0,
        0,
        0,
        0,
        0,
        0,
        0
      ]
    },
    {
      "command": "./build/src/algos/binary_search_basic n-chunked-random-s-29-w-uint32 p 4",
      "mean": 0.002541399553191487,
      "stddev": 0.000931776780058278,
      "median": 0.002416405,
      "user": 0.0013285683890577502,
      "system": 0.0004895592705167174,
      "min": 0.001563252,
      "max": 0.009836792,