{
  "results": [
    {
      "command": "./build/algos/linear_search_basic n-chunked-random-s-9-w-uint32 n 10",
      "mean": 0.009223342657894738,
      "stddev": 0.000342701287915172,
      "median": 0.009285149500000001,
      "user": 0.0018499210526315792,
      "system": 0.003454815789473684,
      "min": 0.007619294,
      "max": 0.009745752,
      "times": [
        0.00870182,
        0.009287007,
        0.009176983000000001,
        0.009135577,
        0.009745752,
        0.009227356,
        0.009566257,
        0.009391332,
        0.007619294,
        0.009233726000000001,
        0.009175587,
        0.009177601,
        0.009438294,
        0.009295167,
        0.00908601,
        0.009344403000000001,
        0.008967229,
        0.009027767,
        0.009317642000000001,
        0.009144477,
        0.008876743000000001,
        0.009192619,
        0.009427785000000001,
        0.009392927,
        0.009338305,
        0.009286557,
        0.009352768000000001,
        0.009164025000000001,
        0.009647795,
        0.009109667,
        0.009389394,
        0.009090404,
        0.00898876,
        0.009593621,
        0.009295804000000001,
        0.009357492,
        0.009283742000000001,
        0.009639332
      ],
      "exit_codes": [
        0,
        0,
        0,
        0,
        0,
        0,
        0,
        0,
        0,
        0,
        0,
        0,
        0,
        0,
        0,
        0,
        0,
        0,
        0,
        0,
        0,
        0,
        0,
        0,
        0,
        0,
        0,
        0,
        0,
        0,
        0,
        0,
        0,
        0,
        0,
        0,
        0,
        0
      ]
    },
    {
      "command": "./build/algos/linear_search_vector n-chunked-random-s-9-w-uint32 n 10",
      "mean": 0.008921789238095236,
      "stddev": 0.00023812912323705642,
      "median": 0.00895261,
      "user": 0.0012054761904761904,
      "system": 0.003595285714285715,
      "min": 0.008017309,
      "max": 0.009366976,
      "times": [
        0.009260449,
        0.008920618,
        0.008970647,
        0.008740640000000001,
        0.009324739,
        0.009295803,
        0.008950999000000001,
        0.008813824000000001,
        0.008772016,
        0.009068437,
        0.00898899,
        0.008855191,
        0.008967974,
        0.009366976,
        0.008840829,
        0.008954242000000001,
        0.008960948,
        0.008638452000000001,
        0.008732169,
        0.009268862000000001,
        0.008992016,
        0.008892496,
        0.008540358000000001,
        0.008844129000000001,
        0.008954221,
        0.008722487000000001,
        0.009074677,
        0.008940784,
        0.008881031000000001,
        0.008905921,
        0.009064246,
        0.008726941,
        0.00899662,
        0.008017309,
        0.009034119,
        0.008685350000000001,
        0.009090347,
        0.009149064,
        0.009062478,
        0.008799838,
        0.008660945,
        0.008986966
      ],
      "exit_codes": [
        0,
        0,
        0,
        0,
        0,
        0,
        0,
        0,
        0,
        0,
        0,
        0,
        0,
        0,
        0,
        0,
        0,
        0,
        0,
        0,
        0,
        0,
        0,
        0,
        0,
        0,
        0,
        0,
        0,
        0,
        0,
        0,
        0,
        0,
        0,
        0,
        0,
        0,
        0,
        0,
        0,
        0
      ]
    },
    {
      "command": "./build/algos/linear_search_basic_early_term n-chunked-random-s-9-w-uint32 n 10",
      "mean": 0.008204085302325581,
      "stddev": 0.00020744749065435155,
      "median": 0.008188458000000001,
      "user": 0.0014550465116279073,
      "system": 0.002845697674418604,
      "min": 0.007784432000000001,
      "max": 0.008713914,
      "times": [
        0.008160322000000001,
        0.008057265000000001,
        0.008351901,
        0.008292428000000001,
        0.008284041,
        0.008294736,
        0.008444956,
        0.008090817,
        0.008171378,
        0.007953638,
        0.008172944,
        0.008233313,
        0.008140842,
        0.008386646000000001,
        0.008019548000000001,
        0.008150451000000001,
        0.008292222,
        0.008136114,
        0.008031443000000001,
        0.008454331,
        0.008311879000000001,
        0.007955494,
        0.008038098,
        0.008247689,
        0.008256189,
        0.008297664,
        0.008130821,
        0.008188458000000001,
        0.008713914,
        0.008342265,
        0.007957075000000001,
        0.008159910000000001,
        0.008500425,
        0.008235816,
        0.008511642,
        0.008518896,
        0.008017381,
        0.007872727000000001,
        0.007796356000000001,
        0.008591513,
        0.007999138000000001,
        0.007784432000000001,
        0.008228550000000001
      ],
      "exit_codes": [
        0,
        0,
        0,
        0,
        0,
        0,
        0,
        0,
        0,
        0,
        0,
        0,
        0,
        0,
        0,
        0,
        0,
        0,
        0,
        0,
        0,
        0,
        0,
        0,
        0,
        0,
        0,
        0,
        0,
        0,
        0,
        0,
        0,
        0,
        0,
        0,
        0,
        0,
        0,
        0,
        0,
        0,
        0
      ]
    },
    {
      "command": "./build/algos/linear_search_vector_early_term n-chunked-random-s-9-w-uint32 n 10",
      "mean": 0.00823327376190476,
      "stddev": 0.00023044317562595783,
      "median": 0.008188642500000001,
      "user": 0.0014609523809523807,
      "system": 0.0028428809523809518,
      "min": 0.007864818,
      "max": 0.008787388,
      "times": [
        0.008508815000000001,
        0.007920060000000001,
        0.008181402,
        0.008209069000000001,
        0.008185097,
        0.008025723,
        0.008241990000000001,
        0.008080342,
        0.008392713000000001,
        0.008097408,
        0.008052537,
        0.008047067,
        0.008071514,
        0.007877411,
        0.00832541,
        0.008139604,
        0.008498187,
        0.008007167,
        0.007988823,
        0.008374702000000001,
        0.008290056,
        0.008442663000000001,
        0.008787388,
        0.008564375,
        0.007864818,
        0.008182455,
        0.008303397,
        0.00826763,
        0.007915643,
        0.00806776,
        0.008464747,
        0.008638068,
        0.008008954,
        0.008478068,
        0.008490687,
        0.008192188000000001,
        0.008469631,
        0.008160731000000001,
        0.008588277,
        0.007901664000000001,
        0.008344565,
        0.008148692
      ],
      "exit_codes": [
        0,
        0,
        0,
        0,
        0,
        0,
        0,
        0,
        0,
        0,
        0,
        0,
        0,
        0,
        0,
        0,
        0,
        0,
        0,
        0,
        0,
        0,
        0,
        0,
        0,
        0,
        0,
        0,
        0,
        0,
        0,
        0,
        0,
        0,
        0,
        0,
        0,
        0,
        0,
        0,
        0,
        0
      ]
    },
    {
      "command": "./build/algos/binary_search_basic n-chunked-random-s-9-w-uint32 n 10",
      "mean": 0.007415222023809521,
      "stddev": 0.00022583371626200274,
      "median": 0.007398478500000001,
      "user": 0.0012770714285714284,
      "system": 0.001625214285714286,
      "min": 0.006807672000000001,
      "max": 0.008028727000000001,