{
  "results": [
    {
      "command": "./build/algos/linear_search_basic n-chunked-random-s-3-w-uint32 n 10",
      "mean": 0.00418730487804878,
      "stddev": 0.00037838905634096995,
      "median": 0.004277445,
      "user": 0.0012849756097560977,
      "system": 0.0005948780487804879,
      "min": 0.002473584,
      "max": 0.004613642,
      "times": [
        0.0029979610000000004,
        0.004261909,
        0.00440576,
        0.004324794,
        0.004346765000000001,
        0.003985632,
        0.004329179,
        0.004409636000000001,
        0.004390431,
        0.002473584,
        0.004361045,
        0.00392097,
        0.0040538710000000006,
        0.004234732000000001,
        0.004056864,
        0.0038729660000000003,
        0.004390601,
        0.003957478,
        0.004244676,
        0.004339797,
        0.004308495,
        0.004613642,
        0.004032433,
        0.0045228790000000005,
        0.004277445,
        0.004376285000000001,
        0.004268405,
        0.004224538,
        0.004048418000000001,
        0.004484463,
        0.00414458,
        0.004340199,
        0.004253388,
        0.004047319000000001,
        0.004308557,
        0.004319731,
        0.004386842,
        0.0044729190000000005,
        0.004270107,
        0.004174639,
        0.004445565
      ],
      "exit_codes": [
        0,
        0,
        0,
        0,
        0,
        0,
        0,
        0,
        0,
        0,
        0,
        0,
        0,
        0,
        0,
        0,
        0,
        0,
        0,
        0,
        0,
        0,
        0,
        0,
        0,
        0,
        0,
        0,
        0,
        0,
        0,
        0,
        0,
        0,
        0,
        0,
        0,
        0,
        0,
        0,
        0
      ]
    },
    {
      "command": "./build/algos/linear_search_vector n-chunked-random-s-3-w-uint32 n 10",
      "mean": 0.004225800510638297,
      "stddev": 0.00021941332428228498,
      "median": 0.004283093,
      "user": 0.0010542978723404256,
      "system": 0.0008137659574468084,
      "min": 0.0035948290000000003,
      "max": 0.004604526,
      "times": [
        0.004199327,
        0.004332282000000001,
        0.004211174000000001,
        0.003847575,
        0.0043663320000000005,
        0.003971570000000001,
        0.004149674,
        0.004311246,
        0.004265673,
        0.004426731000000001,
        0.0041460310000000005,
        0.0041820550000000005,
        0.004162524,
        0.004244149,
        0.004283093,
        0.00430492,
        0.004102159,
        0.0044650720000000005,
        0.004523633,
        0.004348305,
        0.0043650220000000005,
        0.003956202000000001,
        0.003962773,
        0.004357575000000001,
        0.004253406,
        0.004089814000000001,
        0.003848731,
        0.004531546,
        0.0043585740000000005,
        0.0038600080000000003,
        0.00434601,
        0.00451595,
        0.0043342730000000005,
        0.004293936,
        0.0043178240000000005,
        0.003811544,
        0.004268601,
        0.0035948290000000003,
        0.004120852,
        0.004431613,
        0.004604526,
        0.004303586,
        0.0038378120000000003,
        0.0042603020000000005,
        0.004424658000000001,
        0.004283975000000001,
        0.004435157
      ],
      "exit_codes": [
        0,
        0,
        0,
        0,
        0,
        0,
        0,
        0,
        0,
        0,
        0,
        0,
        0,
        0,
        0,
        0,
        0,
        0,
        0,
        0,
        0,
        0,
        0,
        0,
        0,
        0,
        0,
        0,
        0,
        0,
        0,
        0,
        0,
        0,
        0,
        0,
        0,
        0,
        0,
        0,
        0,
        0,
        0,
        0,
        0,
        0,
        0
      ]
    },
    {
      "command": "./build/algos/linear_search_basic_early_term n-chunked-random-s-3-w-uint32 n 10",
      "mean": 0.00423767052173913,
      "stddev": 0.00014550756994797964,
      "median": 0.004217791,
      "user": 0.0012723043478260867,
      "system": 0.0006163260869565217,
      "min": 0.003934681000000001,
      "max": 0.004503425,
      "times": [
        0.0043458970000000005,
        0.004386809,
        0.003934681000000001,
        0.00422566,
        0.0041179730000000005,
        0.004379526,
        0.004479953,
        0.00427592,
        0.004184592,
        0.004409147,
        0.00444849,
        0.00419486,
        0.004088774,
        0.004248887000000001,
        0.004084407,
        0.004082799000000001,
        0.004503425,
        0.004046513,
        0.004232264,
        0.004486629000000001,
        0.004140955,
        0.00415539,
        0.004374561,
        0.004369929000000001,
        0.0042099220000000005,
        0.004341404,
        0.004190898,
        0.004118061,
        0.004424962,
        0.004249658,
        0.004428724,
        0.004117769,
        0.00404557,
        0.004231622,
        0.004181169,
        0.004252879,
        0.0041139950000000005,
        0.004363317,
        0.004095825,
        0.004354389,
        0.0041122450000000005,
        0.004461625,
        0.004099399,
        0.004084964,
        0.004201815,
        0.004054591000000001
      ],
      "exit_codes": [
        0,
        0,
        0,
        0,
        0,
        0,
        0,
        0,
        0,
        0,
        0,
        0,
        0,
        0,
        0,
        0,
        0,
        0,
        0,
        0,
        0,
        0,
        0,
        0,
        0,
        0,
        0,
        0,
        0,
        0,
        0,
        0,
        0,
        0,
        0,
        0,
        0,
        0,
        0,
        0,
        0,
        0,
        0,
        0,
        0,
        0
      ]
    },
    {
      "command": "./build/algos/linear_search_vector_early_term n-chunked-random-s-3-w-uint32 n 10",
      "mean": 0.004320262304347825,
      "stddev": 0.00019103041488178083,
      "median": 0.0043421255,
      "user": 0.0011090434782608696,
      "system": 0.0007765652173913043,
      "min": 0.00397822,
      "max": 0.0048379040000000005,
      "times": [
        0.004461026,
        0.004438438,
        0.0043125640000000005,
        0.004275414,
        0.004480558,
        0.00453275,
        0.004516568,
        0.00397822,
        0.0048379040000000005,
        0.004423585,
        0.003998922,
        0.004191116,
        0.004165843000000001,
        0.004534466,
        0.0041409640000000005,
        0.00448454,
        0.004827673,
        0.004122721,
        0.004352951,
        0.004373775,
        0.004209779,
        0.004299342,
        0.0040963530000000005,
        0.004358412,
        0.004067726000000001,
        0.004142657,
        0.004350382,
        0.004096778000000001,
        0.004184127,
        0.004445447,
        0.0044558390000000005,
        0.004177153,
        0.004207693,
        0.004384796000000001,
        0.004223453,
        0.004116471,
        0.00433063,
        0.004360928,
        0.004300567,
        0.003979435,
        0.004442424,
        0.004535998,
        0.004333869000000001,
        0.004361813,
        0.0044492870000000006,
        0.004370709
      ],
      "exit_codes": [
        0,
        0,
        0,
        0,
        0,
        0,
        0,
        0,
        0,
        0,
        0,
        0,
        0,
        0,
        0,
        0,
        0,
        0,
        0,
        0,
        0,
        0,
        0,
        0,
        0,
        0,
        0,
        0,
        0,
        0,
        0,
        0,
        0,
        0,
        0,
        0,
        0,
        0,
        0,
        0,
        0,
        0,
        0,
        0,
        0,
        0
      ]
    },
    {
      "command": "./build/algos/binary_search_basic n-chunked-random-s-3-w-uint32 n 10",