{
  "results": [
    {
      "command": "./build/algos/linear_search_basic n-chunked-random-s-6-w-uint32 n 10",
      "mean": 0.004936704095238094,
      "stddev": 0.00027768342897630655,
      "median": 0.0049751915,
      "user": 0.0013840476190476187,
      "system": 0.000910952380952381,
      "min": 0.0036846030000000003,
      "max": 0.005458491,
      "times": [
        0.0036846030000000003,
        0.005071492,
        0.0048488690000000004,
        0.004838305,
        0.005017016,
        0.004684992000000001,
        0.005029661,
        0.005396278,
        0.005458491,
        0.00505009,
        0.0049944640000000005,
        0.004874287000000001,
        0.005071367,
        0.004639458,
        0.004754305,
        0.005251138000000001,
        0.004634834,
        0.005107233,
        0.004922949,
        0.004954806,
        0.0048525650000000005,
        0.005070048000000001,
        0.005046596,
        0.004969042,
        0.005113348,
        0.004586291,
        0.005268673000000001,
        0.004854361000000001,
        0.004764516,
        0.004893515,
        0.004981341,
        0.005157449000000001,
        0.004890436000000001,
        0.004943501,
        0.005068693,
        0.005014369,
        0.004706045000000001,
        0.005094732,
        0.004942526,
        0.0051268220000000005,
        0.005046489,
        0.004665576
      ],
      "exit_codes": [
        0,
        0,
        0,
        0,
        0,
        0,
        0,
        0,
        0,
        0,
        0,
        0,
        0,
        0,
        0,
        0,
        0,
        0,
        0,
        0,
        0,
        0,
        0,
        0,
        0,
        0,
        0,
        0,
        0,
        0,
        0,
        0,
        0,
        0,
        0,
        0,
        0,
        0,
        0,
        0,
        0,
        0
      ]
    },
    {
      "command": "./build/algos/linear_search_vector n-chunked-random-s-6-w-uint32 n 10",
      "mean": 0.004854003155555555,
      "stddev": 0.00021072768031157643,
      "median": 0.004834009,
      "user": 0.001335688888888889,
      "system": 0.0008953777777777777,
      "min": 0.004359132,
      "max": 0.005273511000000001,
      "times": [
        0.004734406,
        0.004834009,
        0.00483115,
        0.004986264000000001,
        0.00481685,
        0.004947,
        0.004688602,
        0.0050990950000000005,
        0.004995295,
        0.004771687,
        0.0049642490000000004,
        0.005037853,
        0.004731857,
        0.004359132,
        0.005126139,
        0.0046330220000000005,
        0.004913159,
        0.004809025000000001,
        0.004647940000000001,
        0.0048214550000000005,
        0.004840357,
        0.005012231000000001,
        0.0045200810000000004,
        0.004976873000000001,
        0.005214616,
        0.004558952000000001,
        0.005086407,
        0.004738672,
        0.004942493,
        0.005273511000000001,
        0.004869852,
        0.005103526000000001,
        0.004807401,
        0.004762392000000001,
        0.004708137,
        0.004370519000000001,
        0.005020817,
        0.004791556000000001,
        0.005057605000000001,
        0.005139009,
        0.005072989,
        0.004897997,
        0.00476835,
        0.004608674,
        0.004538936
      ],
      "exit_codes": [
        0,
        0,
        0,
        0,
        0,
        0,
        0,
        0,
        0,
        0,
        0,
        0,
        0,
        0,
        0,
        0,
        0,
        0,
        0,
        0,
        0,
        0,
        0,
        0,
        0,
        0,
        0,
        0,
        0,
        0,
        0,
        0,
        0,
        0,
        0,
        0,
        0,
        0,
        0,
        0,
        0,
        0,
        0,
        0,
        0
      ]
    },
    {
      "command": "./build/algos/linear_search_basic_early_term n-chunked-random-s-6-w-uint32 n 10",
      "mean": 0.004799333826086957,
      "stddev": 0.00019347571536090398,
      "median": 0.004807002,
      "user": 0.0011755434782608695,
      "system": 0.0009863913043478261,
      "min": 0.004395944000000001,
      "max": 0.0051801880000000005,
      "times": [
        0.004790654,
        0.004969591000000001,
        0.0047156690000000005,
        0.005022218,
        0.004715566,
        0.004865483,
        0.004665979000000001,
        0.004807317,
        0.004533742,
        0.005043819000000001,
        0.004647578,
        0.004456817,
        0.004887869,
        0.004712345000000001,
        0.004804217,
        0.0044149490000000005,
        0.004717827,
        0.004995935,
        0.004881286,
        0.0046143270000000005,
        0.004475962,
        0.005001142,
        0.004479164,
        0.005042083,
        0.004832462,
        0.005002451000000001,
        0.004905667000000001,
        0.004774677000000001,
        0.0051801880000000005,
        0.004697286,
        0.004774945,
        0.0048066870000000005,
        0.004808632,
        0.004601692,
        0.004963813,
        0.0050747940000000005,
        0.005050527,
        0.0047536620000000005,
        0.004602403000000001,
        0.004910668,
        0.004655899000000001,
        0.004903621,
        0.0048152130000000005,
        0.005009906000000001,
        0.00498668,
        0.004395944000000001
      ],
      "exit_codes": [
        0,
        0,
        0,
        0,
        0,
        0,
        0,
        0,
        0,
        0,
        0,
        0,
        0,
        0,
        0,
        0,
        0,
        0,
        0,
        0,
        0,
        0,
        0,
        0,
        0,
        0,
        0,
        0,
        0,
        0,
        0,
        0,
        0,
        0,
        0,
        0,
        0,
        0,
        0,
        0,
        0,
        0,
        0,
        0,
        0,
        0
      ]
    },
    {
      "command": "./build/algos/linear_search_vector_early_term n-chunked-random-s-6-w-uint32 n 10",
      "mean": 0.004779517391304348,
      "stddev": 0.00018596303838277817,
      "median": 0.004770936,
      "user": 0.0013659565217391304,
      "system": 0.0008100652173913044,
      "min": 0.0043207060000000005,
      "max": 0.005179915,
      "times": [
        0.0047057340000000005,
        0.004613204,
        0.005179915,
        0.004688025,
        0.0043207060000000005,
        0.004613993,
        0.004997631000000001,
        0.004749715000000001,
        0.004744619,
        0.004525704,
        0.004992768000000001,
        0.004787874,
        0.004933740000000001,
        0.004370652,
        0.0048525750000000005,
        0.004766376,
        0.004949294,
        0.005076787,
        0.0047611350000000005,
        0.0046957940000000005,
        0.004746696,
        0.004802266,
        0.004799534,
        0.0049531390000000005,
        0.004790506,
        0.004907559000000001,
        0.004851092,
        0.004622660000000001,
        0.0046612220000000005,
        0.005120155,
        0.0046068160000000006,
        0.004886504000000001,
        0.004890259,
        0.004775496000000001,
        0.004515678,
        0.004881319,
        0.0046004900000000005,
        0.004922133,
        0.004640669,
        0.004704629,
        0.004615073,
        0.004895447000000001,
        0.005017917,
        0.004745049,
        0.004546802,
        0.0050324490000000005
      ],