{
  "results": [
    {
      "command": "./build/algos/linear_search_basic n-chunked-random-s-0-w-uint32 n 10",
      "mean": 0.004221781000000001,
      "stddev": 0.00022125612921984776,
      "median": 0.004198086,
      "user": 0.0011512926829268292,
      "system": 0.0007130731707317072,
      "min": 0.003740091,
      "max": 0.004704799,
      "times": [
        0.004269145,
        0.004317047,
        0.004090722000000001,
        0.003921358000000001,
        0.0041991780000000005,
        0.004206461,
        0.004207813,
        0.004257452,
        0.0038287990000000004,
        0.0041198070000000005,
        0.004152097,
        0.004174917,
        0.004150669,
        0.004089139,
        0.004704799,
        0.004368356,
        0.004409802,
        0.004669496,
        0.0039165580000000005,
        0.004503245,
        0.0040820890000000006,
        0.004445933,
        0.004655514,
        0.004048178,
        0.003844674,
        0.0045489580000000005,
        0.004300134000000001,
        0.004198086,
        0.004032018,
        0.00416853,
        0.004252158000000001,
        0.004204533,
        0.003740091,
        0.0041623450000000005,
        0.004452912000000001,
        0.004184821,
        0.004183722,
        0.004466266,
        0.0041025770000000005,
        0.004353168,
        0.004109454
      ],
      "exit_codes": [
        0,
        0,
        0,
        0,
        0,
        0,
        0,
        0,
        0,
        0,
        0,
        0,
        0,
        0,
        0,
        0,
        0,
        0,
        0,
        0,
        0,
        0,
        0,
        0,
        0,
        0,
        0,
        0,
        0,
        0,
        0,
        0,
        0,
        0,
        0,
        0,
        0,
        0,
        0,
        0,
        0
      ]
    },
    {
      "command": "./build/algos/linear_search_vector n-chunked-random-s-0-w-uint32 n 10",
      "mean": 0.00414893985106383,
      "stddev": 0.00048629910522295967,
      "median": 0.004224391,
      "user": 0.0011456170212765958,
      "system": 0.0006663617021276594,
      "min": 0.001250562,
      "max": 0.004610259,
      "times": [
        0.004527728,
        0.004250697,
        0.003753157,
        0.004098296,
        0.001250562,
        0.0038624080000000003,
        0.003916293,
        0.004105545,
        0.00434995,
        0.004132488,
        0.0037717360000000004,
        0.0042324780000000005,
        0.004226682,
        0.004548586,
        0.0038418330000000002,
        0.004094291,
        0.0041517260000000005,
        0.004365103,
        0.004553291,
        0.00434586,
        0.004269407,
        0.003790832,
        0.004148296,
        0.004169252,
        0.004577018,
        0.004474747,
        0.004488402000000001,
        0.004387417,
        0.004229946,
        0.004208183,
        0.004178776,
        0.0041880450000000005,
        0.004224391,
        0.004114956,
        0.00429267,
        0.004175944,
        0.0042689880000000005,
        0.0037956730000000003,
        0.003967899,
        0.004358969,
        0.004348097,
        0.0041564010000000005,
        0.004610259,
        0.004466385000000001,
        0.00401154,
        0.004393369,
        0.004325601
      ],
      "exit_codes": [
        0,
        0,
        0,
        0,
        0,
        0,
        0,
        0,
        0,
        0,
        0,
        0,
        0,
        0,
        0,
        0,
        0,
        0,
        0,
        0,
        0,
        0,
        0,
        0,
        0,
        0,
        0,
        0,
        0,
        0,
        0,
        0,
        0,
        0,
        0,
        0,
        0,
        0,
        0,
        0,
        0,
        0,
        0,
        0,
        0,
        0,
        0
      ]
    },
    {
      "command": "./build/algos/linear_search_basic_early_term n-chunked-random-s-0-w-uint32 n 10",
      "mean": 0.004234689723404255,
      "stddev": 0.00020902950264451467,
      "median": 0.004242015,
      "user": 0.0009812765957446807,
      "system": 0.0008627659574468083,
      "min": 0.003866907,
      "max": 0.004689077000000001,
      "times": [
        0.003946579,
        0.0039022400000000004,
        0.004107567,
        0.004008439,
        0.00404661,
        0.004493844,
        0.00397533,
        0.003866907,
        0.0042721370000000005,
        0.004350774,
        0.004176389,
        0.004114826,
        0.003989439,
        0.004015713000000001,
        0.004689077000000001,
        0.004477966,
        0.004270451000000001,
        0.0044895080000000006,
        0.0045369830000000005,
        0.003997317,
        0.004330392000000001,
        0.0041728930000000004,
        0.0040351860000000005,
        0.004122944,
        0.0043297890000000006,
        0.004259698,
        0.004423484,
        0.004352839,
        0.004540316,
        0.004413291000000001,
        0.004430354,
        0.004220446,
        0.004242015,
        0.003939092,
        0.004136914,
        0.0045488510000000005,
        0.004290032,
        0.0042279150000000005,
        0.00414915,
        0.003977991,
        0.004255776,
        0.004209743,
        0.0043492240000000005,
        0.0043275150000000005,
        0.004046862,
        0.004684902,
        0.0042847070000000004
      ],
      "exit_codes": [
        0,
        0,
        0,
        0,
        0,
        0,
        0,
        0,
        0,
        0,
        0,
        0,
        0,
        0,
        0,
        0,
        0,
        0,
        0,
        0,
        0,
        0,
        0,
        0,
        0,
        0,
        0,
        0,
        0,
        0,
        0,
        0,
        0,
        0,
        0,
        0,
        0,
        0,
        0,
        0,
        0,
        0,
        0,
        0,
        0,
        0,
        0
      ]
    },
    {
      "command": "./build/algos/linear_search_vector_early_term n-chunked-random-s-0-w-uint32 n 10",
      "mean": 0.004202295425531915,
      "stddev": 0.00019724075500930605,
      "median": 0.004186038,
      "user": 0.0011930638297872338,
      "system": 0.0006122553191489361,
      "min": 0.003720309,
      "max": 0.0045436370000000005,
      "times": [
        0.0037322830000000003,
        0.004145763,
        0.00406845,
        0.004143661,
        0.004456116,
        0.004421768,
        0.004190142,
        0.004033926,
        0.0039543700000000005,
        0.004438354,
        0.004423656000000001,
        0.004297392000000001,
        0.00423953,
        0.004226016,
        0.0045436370000000005,
        0.0044286130000000005,
        0.003922429,
        0.004156543,
        0.004539991,
        0.004344454,
        0.00406646,
        0.003923827,
        0.004329617,
        0.004453373,
        0.003720309,
        0.004419864,
        0.004194845,
        0.00424027,
        0.004360607,
        0.004073582,
        0.004455588,
        0.004186038,
        0.004175736,
        0.004394142,
        0.004146828,
        0.004030097,
        0.004148016,
        0.00403254,
        0.004185872,
        0.004437899,
        0.004200943,
        0.004297057,
        0.003994923,
        0.004018224,
        0.0041764770000000005,
        0.004091886,
        0.004045771
      ],
      "exit_codes": [
        0,
        0,
        0,
        0,
        0,
        0,
        0,
        0,
        0,
        0,
        0,
        0,
        0,
        0,
        0,
        0,
        0,
        0,
        0,
        0,
        0,
        0,
        0,
        0,
        0,
        0,
        0,
        0,
        0,
        0,
        0,
        0,
        0,
        0,
        0,
        0,
        0,
        0,
        0,
        0,
        0,
        0,
        0,
        0,
        0,
        0,
        0
      ]
    },
    {
      "command": "./build/algos/binary_search_basic n-chunked-random-s-0-w-uint32 n 10",