{
  "results": [
    {
      "command": "./build/algos/linear_search_basic n-chunked-random-s-11-w-uint32 n 10",
      "mean": 0.02131347068571428,
      "stddev": 0.00023167163278528183,
      "median": 0.021368152,
      "user": 0.0071634571428571435,
      "system": 0.009156742857142859,
      "min": 0.020933292000000003,
      "max": 0.021650629,
      "times": [
        0.021446304000000003,
        0.021398168000000002,
        0.021568497000000002,
        0.020998071,
        0.021004290000000002,
        0.021528759,
        0.021238172,
        0.021313193,
        0.021200436,
        0.021086357,
        0.021560483000000002,
        0.021548263,
        0.021248128,
        0.021478564000000002,
        0.020933292000000003,
        0.021311514,
        0.021519006,
        0.021634059,
        0.021497191000000002,
        0.021650629,
        0.021499623000000002,
        0.021096294,
        0.021571221,
        0.021495985000000002,
        0.020944183,
        0.021113355,
        0.020965508,
        0.021115555,
        0.021024549,
        0.021368152,
        0.021566962000000002,
        0.021431770000000003,
        0.021104907000000003,
        0.021025241,
        0.021484793000000002
      ],
      "exit_codes": [
        0,
        0,
        0,
        0,
        0,
        0,
        0,
        0,
        0,
        0,
        0,
        0,
        0,
        0,
        0,
        0,
        0,
        0,
        0,
        0,
        0,
        0,
        0,
        0,
        0,
        0,
        0,
        0,
        0,
        0,
        0,
        0,
        0,
        0,
        0
      ]
    },
    {
      "command": "./build/algos/linear_search_vector n-chunked-random-s-11-w-uint32 n 10",
      "mean": 0.020990551722222223,
      "stddev": 0.00043987488021381767,
      "median": 0.021018368500000002,
      "user": 0.0035367777777777776,
      "system": 0.010664527777777778,
      "min": 0.019432843,
      "max": 0.021770869,
      "times": [
        0.020669383000000003,
        0.021226204000000002,
        0.021370983,
        0.021360949,
        0.020533634000000002,
        0.020730258,
        0.021490599000000003,
        0.021426124,
        0.020905499,
        0.020344506000000002,
        0.020537239000000002,
        0.020426044,
        0.021033635000000002,
        0.021321758,
        0.021182136,
        0.020779701,
        0.02082517,
        0.021003377,
        0.020891700000000003,
        0.020978861,
        0.021324729,
        0.021006452000000002,
        0.021324927,
        0.021561274000000002,
        0.021465151000000002,
        0.020551271000000003,
        0.02139052,
        0.021139809000000002,
        0.020957792000000003,
        0.02117737,
        0.021030285000000003,
        0.019432843,
        0.020736931,
        0.021770869,
        0.021123844000000003,
        0.020628035000000003
      ],
      "exit_codes": [
        0,
        0,
        0,
        0,
        0,
        0,
        0,
        0,
        0,
        0,
        0,
        0,
        0,
        0,
        0,
        0,
        0,
        0,
        0,
        0,
        0,
        0,
        0,
        0,
        0,
        0,
        0,
        0,
        0,
        0,
        0,
        0,
        0,
        0,
        0,
        0
      ]
    },
    {
      "command": "./build/algos/linear_search_basic_early_term n-chunked-random-s-11-w-uint32 n 10",
      "mean": 0.011473196743589745,
      "stddev": 0.00030654608438302416,
      "median": 0.011466615000000001,
      "user": 0.0018154102564102565,
      "system": 0.005504692307692308,
      "min": 0.010937244,
      "max": 0.012312434,
      "times": [
        0.012081271000000001,
        0.011480308000000002,
        0.010999171,
        0.011254594000000001,
        0.011590903000000001,
        0.011753024,
        0.011612154000000001,
        0.01161448,
        0.011831233,
        0.012058577000000001,
        0.011528848000000001,
        0.01129395,
        0.011437377,
        0.011860586000000001,
        0.011328135000000001,
        0.011473601,
        0.011097029000000001,
        0.011710383000000001,
        0.011643565000000002,
        0.011080954,
        0.011366472,
        0.011355715,
        0.011278027000000001,
        0.011539868,
        0.011580255000000001,
        0.011595414,
        0.011314796,
        0.011044771,
        0.011466615000000001,
        0.011608522000000001,
        0.011319868,
        0.011390877,
        0.012312434,
        0.010937244,
        0.011457296,
        0.011049481,
        0.011343934,
        0.011682916000000002,
        0.011080025
      ],
      "exit_codes": [
        0,
        0,
        0,
        0,
        0,
        0,
        0,
        0,
        0,
        0,
        0,
        0,
        0,
        0,
        0,
        0,
        0,
        0,
        0,
        0,
        0,
        0,
        0,
        0,
        0,
        0,
        0,
        0,
        0,
        0,
        0,
        0,
        0,
        0,
        0,
        0,
        0,
        0,
        0
      ]
    },
    {
      "command": "./build/algos/linear_search_vector_early_term n-chunked-random-s-11-w-uint32 n 10",
      "mean": 0.011392468439024389,
      "stddev": 0.00036412822265755854,
      "median": 0.011387469,
      "user": 0.0018496829268292683,
      "system": 0.0052813902439024394,
      "min": 0.010566432,
      "max": 0.012101315000000001,
      "times": [
        0.010722522,
        0.011753688,
        0.011244687000000001,
        0.010566432,
        0.011388263000000001,
        0.010766855,
        0.011665832000000001,
        0.011333294,
        0.011505741,
        0.011211612000000001,
        0.011301756000000001,
        0.011517042,
        0.011317934,
        0.011094622,
        0.011398097000000001,
        0.010921052,
        0.011851202,
        0.011511791,
        0.010802428000000001,
        0.011660602,
        0.010884315,
        0.011533221000000001,
        0.011387469,
        0.012101315000000001,
        0.011134785000000001,
        0.011133826000000001,
        0.011729499000000001,
        0.011017173,
        0.011783951,
        0.011925479000000001,
        0.011958943000000001,
        0.011332961,
        0.011669668000000001,
        0.011374645000000001,
        0.011328551000000001,
        0.011344686000000001,
        0.011249094000000001,
        0.011391703000000001,
        0.011525748,
        0.011832045000000001,
        0.011916677
      ],
      "exit_codes": [
        0,
        0,
        0,
        0,
        0,
        0,
        0,
        0,
        0,
        0,
        0,
        0,
        0,
        0,
        0,
        0,
        0,
        0,
        0,
        0,
        0,
        0,
        0,
        0,
        0,
        0,
        0,
        0,
        0,
        0,
        0,
        0,
        0,
        0,
        0,
        0,
        0,
        0,
        0,
        0,
        0
      ]
    },
    {
      "command": "./build/algos/binary_search_basic n-chunked-random-s-11-w-uint32 n 10",
      "mean": 0.010367737073170732,
      "stddev": 0.0001827056435330324,
      "median": 0.010390622,
      "user": 0.0017320243902439027,
      "system": 0.002192731707317073,
      "min": 0.009859235000000001,
      "max": 0.010797228,