{
  "results": [
    {
      "command": "./build/algos/linear_search_basic n-chunked-random-s-10-w-uint32 n 10",
      "mean": 0.013442189051282053,
      "stddev": 0.0002100913579730132,
      "median": 0.013438462,
      "user": 0.0046346153846153855,
      "system": 0.004333871794871794,
      "min": 0.012949195,
      "max": 0.013842825000000001,
      "times": [
        0.013438462,
        0.013587825000000001,
        0.013202412,
        0.013182473,
        0.012949195,
        0.013760516,
        0.013425742000000001,
        0.013264028,
        0.013658133000000001,
        0.013434815000000001,
        0.013473058000000001,
        0.013402337,
        0.013072452,
        0.013499485,
        0.013371997,
        0.013400512000000002,
        0.013491546,
        0.01337641,
        0.013417978,
        0.013521502000000001,
        0.013842825000000001,
        0.013692014,
        0.013572467000000001,
        0.013413607000000001,
        0.013316044,
        0.013261062,
        0.013492468,
        0.013088989,
        0.013616312,
        0.01340357,
        0.013733341000000001,
        0.013520593000000001,
        0.012985764,
        0.013530691000000001,
        0.013352395000000001,
        0.013488064000000001,
        0.013543567000000001,
        0.013691247,
        0.013769475000000002
      ],
      "exit_codes": [
        0,
        0,
        0,
        0,
        0,
        0,
        0,
        0,
        0,
        0,
        0,
        0,
        0,
        0,
        0,
        0,
        0,
        0,
        0,
        0,
        0,
        0,
        0,
        0,
        0,
        0,
        0,
        0,
        0,
        0,
        0,
        0,
        0,
        0,
        0,
        0,
        0,
        0,
        0
      ]
    },
    {
      "command": "./build/algos/linear_search_vector n-chunked-random-s-10-w-uint32 n 10",
      "mean": 0.012954098075,
      "stddev": 0.00041845624435563755,
      "median": 0.012977131000000001,
      "user": 0.0024033749999999997,
      "system": 0.005395974999999999,
      "min": 0.010903816,
      "max": 0.013766889000000001,
      "times": [
        0.013028494000000002,
        0.012723752000000001,
        0.012481785,
        0.012692613,
        0.012922906000000001,
        0.012846196,
        0.013009512,
        0.013060767000000001,
        0.012890409,
        0.013172875,
        0.013366641,
        0.012987654000000001,
        0.013058649,
        0.013527108000000001,
        0.012933319,
        0.012952012,
        0.012953586000000001,
        0.013122207,
        0.012871127000000001,
        0.013019097,
        0.01323175,
        0.012930419,
        0.012866404000000001,
        0.012734643,
        0.013582259000000001,
        0.012997351,
        0.012918264,
        0.013766889000000001,
        0.013067655000000001,
        0.012966608000000001,
        0.012796139000000002,
        0.013162105,
        0.013136582,
        0.013020128,
        0.012874322,
        0.010903816,
        0.01306323,
        0.012903147,
        0.013180391000000001,
        0.012441112
      ],
      "exit_codes": [
        0,
        0,
        0,
        0,
        0,
        0,
        0,
        0,
        0,
        0,
        0,
        0,
        0,
        0,
        0,
        0,
        0,
        0,
        0,
        0,
        0,
        0,
        0,
        0,
        0,
        0,
        0,
        0,
        0,
        0,
        0,
        0,
        0,
        0,
        0,
        0,
        0,
        0,
        0,
        0
      ]
    },
    {
      "command": "./build/algos/linear_search_basic_early_term n-chunked-random-s-10-w-uint32 n 10",
      "mean": 0.011961450425000002,
      "stddev": 0.00019707048929005038,
      "median": 0.011965265000000001,
      "user": 0.0020265000000000005,
      "system": 0.005577550000000001,
      "min": 0.011620256,
      "max": 0.012379263000000001,
      "times": [
        0.012097410000000001,
        0.012160719,
        0.012270328,
        0.011793491000000001,
        0.012064342,
        0.011940838,
        0.011988760000000001,
        0.01194177,
        0.012036489000000001,
        0.012339114,
        0.011774136000000001,
        0.011866254000000001,
        0.012063874,
        0.012157599000000002,
        0.012098268,
        0.011851656,
        0.011879673,
        0.0122182,
        0.012083833,
        0.011785062,
        0.011879158,
        0.011789997,
        0.011782384,
        0.011816556,
        0.011768189,
        0.011644439000000001,
        0.011620256,
        0.011682893000000001,
        0.011874178,
        0.011991813,
        0.012104251,
        0.012169569000000002,
        0.011788927000000001,
        0.012081292,
        0.012068201,
        0.011716343,
        0.012199819,
        0.011668139000000001,
        0.012020534000000001,
        0.012379263000000001
      ],
      "exit_codes": [
        0,
        0,
        0,
        0,
        0,
        0,
        0,
        0,
        0,
        0,
        0,
        0,
        0,
        0,
        0,
        0,
        0,
        0,
        0,
        0,
        0,
        0,
        0,
        0,
        0,
        0,
        0,
        0,
        0,
        0,
        0,
        0,
        0,
        0,
        0,
        0,
        0,
        0,
        0,
        0
      ]
    },
    {
      "command": "./build/algos/linear_search_vector_early_term n-chunked-random-s-10-w-uint32 n 10",
      "mean": 0.011813101292682928,
      "stddev": 0.00019426738011761583,
      "median": 0.011815048,
      "user": 0.0017232926829268292,
      "system": 0.005549634146341464,
      "min": 0.011401662,
      "max": 0.012213503,
      "times": [
        0.011886088000000001,
        0.011547475000000001,
        0.011815048,
        0.011534685000000001,
        0.01163052,
        0.011902856000000002,
        0.011702189,
        0.01207391,
        0.011702559000000001,
        0.011975997,
        0.011750214,
        0.01175729,
        0.011855698000000001,
        0.011901967000000001,
        0.011766576,
        0.012213503,
        0.01215482,
        0.01184289,
        0.012118479000000001,
        0.011575612,
        0.01171285,
        0.011503556,
        0.011764967000000001,
        0.011717577000000002,
        0.011648372,
        0.012021636,
        0.011810203,
        0.011401662,
        0.011493681,
        0.011642339000000002,
        0.01199119,
        0.011879542,
        0.011730449,
        0.012092249000000001,
        0.011855729,
        0.011872714000000001,
        0.011998070000000001,
        0.011672478,
        0.011860265,
        0.012086385000000002,
        0.011872863
      ],
      "exit_codes": [
        0,
        0,
        0,
        0,
        0,
        0,
        0,
        0,
        0,
        0,
        0,
        0,
        0,
        0,
        0,
        0,
        0,
        0,
        0,
        0,
        0,
        0,
        0,
        0,
        0,
        0,
        0,
        0,
        0,
        0,
        0,
        0,
        0,
        0,
        0,
        0,
        0,
        0,
        0,
        0,
        0
      ]
    },
    {
      "command": "./build/algos/binary_search_basic n-chunked-random-s-10-w-uint32 n 10",
      "mean": 0.008368011674418608,
      "stddev": 0.00017285824942044558,
      "median": 0.008389689,
      "user": 0.0015410232558139537,
      "system": 0.0019577674418604645,
      "min": 0.008033453000000001,
      "max": 0.008695989000000001,