{
  "results": [
    {
      "command": "./build/algos/linear_search_basic n-chunked-random-s-12-w-uint32 n 10",
      "mean": 0.03701707720689655,
      "stddev": 0.0005829678600345931,
      "median": 0.036933555,
      "user": 0.013684103448275862,
      "system": 0.0188988275862069,
      "min": 0.035970984000000004,
      "max": 0.038391025,
      "times": [
        0.038075678,
        0.037004813000000004,
        0.036839578000000005,
        0.035970984000000004,
        0.038391025,
        0.036480516000000004,
        0.036597179,
        0.036964928,
        0.037421549000000005,
        0.036564403,
        0.037367538000000006,
        0.036693661,
        0.036933555,
        0.036965807,
        0.036632866,
        0.036824389,
        0.037315987,
        0.036538578,
        0.036618148,
        0.035973495,
        0.036634179,
        0.037700090000000006,
        0.037320116,
        0.036513246,
        0.037341267000000004,
        0.037780609,
        0.036755942,
        0.037446876000000004,
        0.037828237
      ],
      "exit_codes": [
        0,
        0,
        0,
        0,
        0,
        0,
        0,
        0,
        0,
        0,
        0,
        0,
        0,
        0,
        0,
        0,
        0,
        0,
        0,
        0,
        0,
        0,
        0,
        0,
        0,
        0,
        0,
        0,
        0
      ]
    },
    {
      "command": "./build/algos/linear_search_vector n-chunked-random-s-12-w-uint32 n 10",
      "mean": 0.034514335896551715,
      "stddev": 0.0006281323441862813,
      "median": 0.034561124000000006,
      "user": 0.006031689655172413,
      "system": 0.020441551724137932,
      "min": 0.033292105,
      "max": 0.035854339,
      "times": [
        0.033959357,
        0.033836737,
        0.034881652,
        0.03456782,
        0.034766222,
        0.034613411000000004,
        0.034831535000000004,
        0.035476424,
        0.035140807,
        0.034618969,
        0.0336401,
        0.033386453,
        0.034183157,
        0.034561124000000006,
        0.034708738,
        0.035495086,
        0.035122754,
        0.035264161,
        0.034978241,
        0.035854339,
        0.034128922,
        0.034477052,
        0.034057115,
        0.034036362,
        0.033941258,
        0.034166696,
        0.034384277000000005,
        0.033292105,
        0.034544867
      ],
      "exit_codes": [
        0,
        0,
        0,
        0,
        0,
        0,
        0,
        0,
        0,
        0,
        0,
        0,
        0,
        0,
        0,
        0,
        0,
        0,
        0,
        0,
        0,
        0,
        0,
        0,
        0,
        0,
        0,
        0,
        0
      ]
    },
    {
      "command": "./build/algos/linear_search_basic_early_term n-chunked-random-s-12-w-uint32 n 10",
      "mean": 0.018839818470588233,
      "stddev": 0.00042851054145940493,
      "median": 0.0187637255,
      "user": 0.004124735294117646,
      "system": 0.010428617647058824,
      "min": 0.017931655,
      "max": 0.019656068000000002,
      "times": [
        0.019353872,
        0.018785973,
        0.018749012000000002,
        0.018429923,
        0.019172189000000003,
        0.018713709000000002,
        0.018660816,
        0.018817253000000003,
        0.018635242,
        0.018663612,
        0.019255005000000002,
        0.019377261,
        0.019155636,
        0.019360239,
        0.018558012000000002,
        0.018642906,
        0.019181465,
        0.019149446,
        0.018370907000000002,
        0.018440262000000002,
        0.018482586000000002,
        0.018193348,
        0.019146188,
        0.017931655,
        0.018332806,
        0.018778439,
        0.019656068000000002,
        0.018709377000000003,
        0.019646678,
        0.019046892000000003,
        0.018982597,
        0.018368502000000002,
        0.018408261000000002,
        0.019397691
      ],
      "exit_codes": [
        0,
        0,
        0,
        0,
        0,
        0,
        0,
        0,
        0,
        0,
        0,
        0,
        0,
        0,
        0,
        0,
        0,
        0,
        0,
        0,
        0,
        0,
        0,
        0,
        0,
        0,
        0,
        0,
        0,
        0,
        0,
        0,
        0,
        0
      ]
    },
    {
      "command": "./build/algos/linear_search_vector_early_term n-chunked-random-s-12-w-uint32 n 10",
      "mean": 0.018944536222222225,
      "stddev": 0.00035678728925566603,
      "median": 0.0188889295,
      "user": 0.00477825,
      "system": 0.009146333333333333,
      "min": 0.018207505000000002,
      "max": 0.019666649,
      "times": [
        0.019361303,
        0.019346341,
        0.019149068,
        0.018629978000000002,
        0.019017393,
        0.018723291,
        0.019172435,
        0.019263777000000003,
        0.018539142,
        0.019142748,
        0.018838205,
        0.019460115,
        0.019666649,
        0.019190518,
        0.018739648,
        0.018504652,
        0.018679433000000002,
        0.018954425,
        0.01880747,
        0.018207505000000002,
        0.018721615,
        0.019349609,
        0.019327682000000002,
        0.018769151,
        0.019068598000000003,
        0.019225021000000002,
        0.019612334000000002,
        0.018696524000000003,
        0.019244257,
        0.018405346,
        0.018939654,
        0.018763108,
        0.018582696000000003,
        0.018730783,
        0.018560788,
        0.018612042000000002
      ],
      "exit_codes": [
        0,
        0,
        0,
        0,
        0,
        0,
        0,
        0,
        0,
        0,
        0,
        0,
        0,
        0,
        0,
        0,
        0,
        0,
        0,
        0,
        0,
        0,
        0,
        0,
        0,
        0,
        0,
        0,
        0,
        0,
        0,
        0,
        0,
        0,
        0,
        0
      ]
    },
    {
      "command": "./build/algos/binary_search_basic n-chunked-random-s-12-w-uint32 n 10",
      "mean": 0.012903458384615391,
      "stddev": 0.00021306879263102542,
      "median": 0.012898397,
      "user": 0.0012198205128205125,
      "system": 0.0033578974358974356,
      "min": 0.012450377,
      "max": 0.013364352000000001,
      "times": [
        0.013233217,
        0.012450377,
        0.013168786,
        0.013144899000000002,
        0.013240457,
        0.012993877000000001,
        0.012967381,
        0.012938381,
        0.012778975000000001,
        0.012622613000000001,
        0.01319261,
        0.012783739,
        0.012765971000000001,
        0.012681963000000001,
        0.012766324,
        0.012867010000000002,
        0.012776208,
        0.013226057000000001,
        0.012715881,
        0.012777711,
        0.012659195000000002,
        0.012872751,
        0.013067812000000002,
        0.012967903000000001,
        0.012987100000000001,
        0.013105505000000002,
        0.013364352000000001,
        0.013000579,
        0.012624175000000001,
        0.012573814,
        0.012768983000000001,
        0.012898397,
        0.013069176,
        0.012810339,
        0.013060377000000001,
        0.012912864000000001,
        0.012946712,
        0.012648984,
        0.012803422
      ],
      "exit_codes": [
        0,
        0,
        0,
        0,
        0,
        0,
        0,
        0,
        0,
        0,
        0,
        0,
        0,
        0,
        0,
        0,
        0,
        0,
        0,
        0,
        0,
        0,
        0,
        0,
        0,
        0,
        0,
        0,
        0,
        0,
        0,
        0,
        0,
        0,
        0,
        0,
        0,
        0,
        0
      ]
    }
  ]
}
