{
  "results": [
    {
      "command": "./build/algos/linear_search_basic n-chunked-random-s-2-w-uint32 n 10",
      "mean": 0.0041748452093023245,
      "stddev": 0.00029625216865965796,
      "median": 0.004221735,
      "user": 0.0012017209302325582,
      "system": 0.0006545116279069767,
      "min": 0.003055115,
      "max": 0.004539705000000001,
      "times": [
        0.003055115,
        0.004211573000000001,
        0.0039089780000000005,
        0.004404884,
        0.004539705000000001,
        0.004330893000000001,
        0.004366623,
        0.004308055,
        0.004233108,
        0.003156514,
        0.00452359,
        0.003800907,
        0.003974852,
        0.004324153,
        0.004515871,
        0.004265677,
        0.004257840000000001,
        0.004156982,
        0.004121748000000001,
        0.004033801,
        0.00426783,
        0.004177931,
        0.0040698010000000005,
        0.0042749730000000005,
        0.0038760390000000004,
        0.00437506,
        0.004031172,
        0.004155542,
        0.00406707,
        0.004213334,
        0.004420305,
        0.004087403,
        0.0045089380000000005,
        0.00426014,
        0.0044365820000000005,
        0.004061435,
        0.004175834000000001,
        0.004109584,
        0.004221735,
        0.00439589,
        0.0044060720000000005,
        0.004256333,
        0.004178472
      ],
      "exit_codes": [
        0,
        0,
        0,
        0,
        0,
        0,
        0,
        0,
        0,
        0,
        0,
        0,
        0,
        0,
        0,
        0,
        0,
        0,
        0,
        0,
        0,
        0,
        0,
        0,
        0,
        0,
        0,
        0,
        0,
        0,
        0,
        0,
        0,
        0,
        0,
        0,
        0,
        0,
        0,
        0,
        0,
        0,
        0
      ]
    },
    {
      "command": "./build/algos/linear_search_vector n-chunked-random-s-2-w-uint32 n 10",
      "mean": 0.004195055130434782,
      "stddev": 0.0002622138063548404,
      "median": 0.004197536500000001,
      "user": 0.0012191304347826085,
      "system": 0.000640695652173913,
      "min": 0.003093292,
      "max": 0.004649594,
      "times": [
        0.004088149,
        0.004042815,
        0.0039047960000000003,
        0.00400791,
        0.004228018,
        0.0045849160000000005,
        0.004077609,
        0.003994451,
        0.004312713,
        0.003998626,
        0.0041976520000000005,
        0.0039470600000000005,
        0.0043249460000000005,
        0.004433922,
        0.004173701,
        0.00413406,
        0.00401941,
        0.004191474000000001,
        0.004326779,
        0.0038414240000000004,
        0.0040782760000000005,
        0.004264213,
        0.004603108000000001,
        0.004649594,
        0.004306425,
        0.004568615000000001,
        0.004272248,
        0.0039979460000000005,
        0.004458124,
        0.004132922000000001,
        0.004119019000000001,
        0.00410806,
        0.004474508,
        0.004280789,
        0.003093292,
        0.00425778,
        0.004116171,
        0.004559176,
        0.004032346,
        0.0041981430000000005,
        0.004282092,
        0.0038938270000000003,
        0.0043765240000000006,
        0.004197421000000001,
        0.004401651,
        0.004419835
      ],
      "exit_codes": [
        0,
        0,
        0,
        0,
        0,
        0,
        0,
        0,
        0,
        0,
        0,
        0,
        0,
        0,
        0,
        0,
        0,
        0,
        0,
        0,
        0,
        0,
        0,
        0,
        0,
        0,
        0,
        0,
        0,
        0,
        0,
        0,
        0,
        0,
        0,
        0,
        0,
        0,
        0,
        0,
        0,
        0,
        0,
        0,
        0,
        0
      ]
    },
    {
      "command": "./build/algos/linear_search_basic_early_term n-chunked-random-s-2-w-uint32 n 10",
      "mean": 0.004228015239130434,
      "stddev": 0.0002115784115723409,
      "median": 0.004186309500000001,
      "user": 0.0011450217391304348,
      "system": 0.0007005217391304349,
      "min": 0.003743016,
      "max": 0.004991553,
      "times": [
        0.004069827000000001,
        0.004235933,
        0.004503507,
        0.004704497,
        0.00456884,
        0.004346091,
        0.004152525000000001,
        0.004149893,
        0.004111156,
        0.004270886000000001,
        0.0043495,
        0.004145181,
        0.003992875,
        0.004318167,
        0.004181169,
        0.004029543,
        0.004104275,
        0.004062335,
        0.004055223,
        0.004313736,
        0.004101802,
        0.0042871160000000005,
        0.004189865,
        0.004298587,
        0.0043502670000000005,
        0.004264241,
        0.003964036000000001,
        0.004991553,
        0.004191374,
        0.004251312,
        0.004074254,
        0.004208338,
        0.004351115,
        0.004100121,
        0.004145927000000001,
        0.004182754,
        0.003743016,
        0.00416265,
        0.00428899,
        0.004457529,
        0.004178244,
        0.003933349,
        0.004516946,
        0.0044350610000000006,
        0.0041255400000000005,
        0.004029555000000001
      ],
      "exit_codes": [
        0,
        0,
        0,
        0,
        0,
        0,
        0,
        0,
        0,
        0,
        0,
        0,
        0,
        0,
        0,
        0,
        0,
        0,
        0,
        0,
        0,
        0,
        0,
        0,
        0,
        0,
        0,
        0,
        0,
        0,
        0,
        0,
        0,
        0,
        0,
        0,
        0,
        0,
        0,
        0,
        0,
        0,
        0,
        0,
        0,
        0
      ]
    },
    {
      "command": "./build/algos/linear_search_vector_early_term n-chunked-random-s-2-w-uint32 n 10",
      "mean": 0.004223751555555557,
      "stddev": 0.00017542546194616467,
      "median": 0.004256946,
      "user": 0.0011716222222222222,
      "system": 0.0006656222222222221,
      "min": 0.0036931950000000002,
      "max": 0.004571212000000001,
      "times": [
        0.004495332,
        0.004028296000000001,
        0.004039493,
        0.0042759040000000005,
        0.0042883700000000005,
        0.0039747160000000005,
        0.003921639,
        0.004011627,
        0.0043209,
        0.003928223000000001,
        0.004273965,
        0.004490254,
        0.0042349150000000006,
        0.004320006,
        0.004275625,
        0.004303133000000001,
        0.004365933000000001,
        0.004240263,
        0.004181734,
        0.004250251,
        0.003995127,
        0.004162916,
        0.004486948,
        0.004290339000000001,
        0.004494309,
        0.003980461,
        0.004339127,
        0.004132787000000001,
        0.004228633,
        0.004145406,
        0.004303358,
        0.004129441,
        0.0043234860000000005,
        0.004269810000000001,
        0.0036931950000000002,
        0.004250842,
        0.004352512,
        0.004315336,
        0.004355781,
        0.00420989,
        0.004256946,
        0.004137048,
        0.004112322,
        0.004571212000000001,
        0.004311009
      ],
      "exit_codes": [
        0,
        0,
        0,
        0,
        0,
        0,
        0,
        0,
        0,
        0,
        0,
        0,
        0,
        0,
        0,
        0,
        0,
        0,
        0,
        0,
        0,
        0,
        0,
        0,
        0,
        0,
        0,
        0,
        0,
        0,
        0,
        0,
        0,
        0,
        0,
        0,
        0,
        0,
        0,
        0,
        0,
        0,
        0,
        0,
        0
      ]
    },
    {
      "command": "./build/algos/binary_search_basic n-chunked-random-s-2-w-uint32 n 10",