{
  "results": [
    {
      "command": "./build/algos/linear_search_basic n-chunked-random-s-8-w-uint32 n 10",
      "mean": 0.007075421567567569,
      "stddev": 0.0017172744615846865,
      "median": 0.00687936,
      "user": 0.001091189189189189,
      "system": 0.002462891891891892,
      "min": 0.0049235880000000004,
      "max": 0.016989244,
      "times": [
        0.00591412,
        0.006883496,
        0.006909303,
        0.0069101810000000005,
        0.006951878000000001,
        0.007080529,
        0.006726574000000001,
        0.00687936,
        0.0049235880000000004,
        0.006760338,
        0.006695109,
        0.006760073,
        0.006871231,
        0.0069690310000000005,
        0.006737895000000001,
        0.006822639,
        0.006982406,
        0.006858488,
        0.007090126,
        0.016989244,
        0.006938686,
        0.00674381,
        0.006784989000000001,
        0.007072855,
        0.006822013,
        0.007268672,
        0.006737136,
        0.006748063,
        0.006998871,
        0.006965981,
        0.00671268,
        0.006874034,
        0.0069055,
        0.006937357000000001,
        0.0069711930000000005,
        0.0069761580000000005,
        0.006616991
      ],
      "exit_codes": [
        0,
        0,
        0,
        0,
        0,
        0,
        0,
        0,
        0,
        0,
        0,
        0,
        0,
        0,
        0,
        0,
        0,
        0,
        0,
        0,
        0,
        0,
        0,
        0,
        0,
        0,
        0,
        0,
        0,
        0,
        0,
        0,
        0,
        0,
        0,
        0,
        0
      ]
    },
    {
      "command": "./build/algos/linear_search_vector n-chunked-random-s-8-w-uint32 n 10",
      "mean": 0.006656026186046512,
      "stddev": 0.00045449932879295903,
      "median": 0.006688572,
      "user": 0.0011490232558139532,
      "system": 0.002147232558139535,
      "min": 0.004036845,
      "max": 0.007099210000000001,
      "times": [
        0.006350692000000001,
        0.006818246,
        0.006540983,
        0.006746486,
        0.006756962,
        0.006609500000000001,
        0.0069514120000000006,
        0.007056219000000001,
        0.006352403,
        0.006567855,
        0.006883575,
        0.006664977000000001,
        0.006663548,
        0.006656929000000001,
        0.006624458000000001,
        0.006661238000000001,
        0.006960401000000001,
        0.006976077000000001,
        0.006816629,
        0.006564711,
        0.006935176,
        0.006727273000000001,
        0.006475986,
        0.006275196,
        0.006723156,
        0.006580058000000001,
        0.006683898000000001,
        0.006720295,
        0.007099210000000001,
        0.0068820800000000005,
        0.007030174,
        0.006747820000000001,
        0.006792013,
        0.006673098000000001,
        0.006688572,
        0.0065945380000000005,
        0.004036845,
        0.00642602,
        0.006614864000000001,
        0.006892879,
        0.006478023,
        0.0070477510000000005,
        0.0068609000000000005
      ],
      "exit_codes": [
        0,
        0,
        0,
        0,
        0,
        0,
        0,
        0,
        0,
        0,
        0,
        0,
        0,
        0,
        0,
        0,
        0,
        0,
        0,
        0,
        0,
        0,
        0,
        0,
        0,
        0,
        0,
        0,
        0,
        0,
        0,
        0,
        0,
        0,
        0,
        0,
        0,
        0,
        0,
        0,
        0,
        0,
        0
      ]
    },
    {
      "command": "./build/algos/linear_search_basic_early_term n-chunked-random-s-8-w-uint32 n 10",
      "mean": 0.005955243113636364,
      "stddev": 0.00027729075213474383,
      "median": 0.005924894,
      "user": 0.0012097499999999999,
      "system": 0.001611159090909091,
      "min": 0.005350235,
      "max": 0.006430709000000001,
      "times": [
        0.00587954,
        0.0063556210000000005,
        0.005982986,
        0.005856343,
        0.005901758,
        0.005844837,
        0.005795992000000001,
        0.006343451000000001,
        0.006430709000000001,
        0.00627952,
        0.006242104,
        0.005875096000000001,
        0.005732392,
        0.005653532,
        0.005772435,
        0.005983272,
        0.006185526,
        0.006180129,
        0.005542378000000001,
        0.005418457000000001,
        0.005350235,
        0.006334093000000001,
        0.00550491,
        0.005982147,
        0.005767488,
        0.005934817,
        0.006097717000000001,
        0.005703395,
        0.006392418,
        0.005855853,
        0.005912952,
        0.005914971000000001,
        0.006142936000000001,
        0.006151244,
        0.005864745,
        0.006215308,
        0.0060265200000000005,
        0.0063614760000000005,
        0.00577872,
        0.005562382,
        0.00598622,
        0.006316535000000001,
        0.005989289,
        0.005628248000000001
      ],
      "exit_codes": [
        0,
        0,
        0,
        0,
        0,
        0,
        0,
        0,
        0,
        0,
        0,
        0,
        0,
        0,
        0,
        0,
        0,
        0,
        0,
        0,
        0,
        0,
        0,
        0,
        0,
        0,
        0,
        0,
        0,
        0,
        0,
        0,
        0,
        0,
        0,
        0,
        0,
        0,
        0,
        0,
        0,
        0,
        0,
        0
      ]
    },
    {
      "command": "./build/algos/linear_search_vector_early_term n-chunked-random-s-8-w-uint32 n 10",
      "mean": 0.005958323227272727,
      "stddev": 0.00021214407126332735,
      "median": 0.005941549000000001,
      "user": 0.0013654545454545456,
      "system": 0.0014335,
      "min": 0.005297059000000001,
      "max": 0.0063742830000000006,
      "times": [
        0.0060221070000000005,
        0.0063742830000000006,
        0.006024929,
        0.006355165,
        0.006278771000000001,
        0.005923109,
        0.006016377000000001,
        0.005960994000000001,
        0.005924366,
        0.0058524070000000004,
        0.0062586460000000005,
        0.005896984,
        0.006115563,
        0.006036915,
        0.005688166000000001,
        0.0059055110000000004,
        0.0062387200000000005,
        0.00564118,
        0.005954352,
        0.00592539,
        0.005907450000000001,
        0.005297059000000001,
        0.006218913,
        0.0059986200000000005,
        0.005928746,
        0.005766277,
        0.005727024000000001,
        0.006155735000000001,
        0.005681803,
        0.0059572570000000005,
        0.006055008000000001,
        0.0059220950000000005,
        0.005853086,
        0.006141536,
        0.0061269210000000005,
        0.005957691,
        0.005799869,
        0.005739486,
        0.005858240000000001,
        0.005800244,
        0.00626024,
        0.006083876,
        0.0058311380000000005,
        0.005703973
      ],
      "exit_codes": [
        0,
        0,
        0,
        0,
        0,
        0,
        0,
        0,
        0,
        0,
        0,
        0,
        0,
        0,
        0,
        0,
        0,
        0,
        0,
        0,
        0,
        0,
        0,
        0,
        0,
        0,
        0,
        0,
        0,
        0,
        0,
        0,
        0,
        0,
        0,
        0,
        0,
        0,
        0,
        0,
        0,
        0,
        0,
        0
      ]
    },
    {
      "command": "./build/algos/binary_search_basic n-chunked-random-s-8-w-uint32 n 10",
      "mean": 0.006086392044444447,
      "stddev": 0.00019097415607281855,
      "median": 0.006083327,
      "user": 0.0013971999999999997,
      "system": 0.0010489333333333335,
      "min": 0.005477951,
      "max": 0.006558615,