{
  "results": [
    {
      "command": "./build/algos/linear_search_basic n-chunked-random-s-13-w-uint32 n 10",
      "mean": 0.06974234077272728,
      "stddev": 0.0008741818160280439,
      "median": 0.0696004655,
      "user": 0.02378036363636363,
      "system": 0.03985772727272727,
      "min": 0.067817901,
      "max": 0.07136326200000001,
      "times": [
        0.067817901,
        0.069306878,
        0.069346427,
        0.06967882,
        0.07033953700000001,
        0.070465051,
        0.070941057,
        0.07136326200000001,
        0.069875451,
        0.071239356,
        0.069597696,
        0.069563524,
        0.068696688,
        0.069603235,
        0.069800215,
        0.06940676500000001,
        0.069075615,
        0.07002264200000001,
        0.06948535900000001,
        0.06921661200000001,
        0.06859469700000001,
        0.070894709
      ],
      "exit_codes": [
        0,
        0,
        0,
        0,
        0,
        0,
        0,
        0,
        0,
        0,
        0,
        0,
        0,
        0,
        0,
        0,
        0,
        0,
        0,
        0,
        0,
        0
      ]
    },
    {
      "command": "./build/algos/linear_search_vector n-chunked-random-s-13-w-uint32 n 10",
      "mean": 0.06499052076190477,
      "stddev": 0.001071431928752401,
      "median": 0.06484076300000001,
      "user": 0.014471476190476193,
      "system": 0.03689347619047619,
      "min": 0.063073743,
      "max": 0.067547416,
      "times": [
        0.064598889,
        0.064344411,
        0.064780169,
        0.066515907,
        0.06484076300000001,
        0.065515502,
        0.06586457100000001,
        0.064153604,
        0.064314458,
        0.06563785400000001,
        0.064867045,
        0.063073743,
        0.065596973,
        0.067547416,
        0.063835599,
        0.063607432,
        0.06640075100000001,
        0.064185079,
        0.065693627,
        0.064358529,
        0.06506861400000001
      ],
      "exit_codes": [
        0,
        0,
        0,
        0,
        0,
        0,
        0,
        0,
        0,
        0,
        0,
        0,
        0,
        0,
        0,
        0,
        0,
        0,
        0,
        0,
        0
      ]
    },
    {
      "command": "./build/algos/linear_search_basic_early_term n-chunked-random-s-13-w-uint32 n 10",
      "mean": 0.03190776503571428,
      "stddev": 0.002484338111613075,
      "median": 0.0315942075,
      "user": 0.007995607142857143,
      "system": 0.018868107142857138,
      "min": 0.030232409000000002,
      "max": 0.044134719,
      "times": [
        0.031617662000000005,
        0.032235909,
        0.031481019,
        0.032344916,
        0.032181664,
        0.032904701,
        0.031850755,
        0.030892794,
        0.032174532,
        0.031646941000000005,
        0.031645955,
        0.032111728,
        0.03134051,
        0.030605626,
        0.031939392000000004,
        0.030611931000000002,
        0.030401379000000003,
        0.031603604,
        0.030641579000000002,
        0.031584811000000004,
        0.030813968,
        0.031800339000000004,
        0.031152639000000003,
        0.044134719,
        0.031149506,
        0.03086088,
        0.030232409000000002,
        0.031455553000000004
      ],
      "exit_codes": [
        0,
        0,
        0,
        0,
        0,
        0,
        0,
        0,
        0,
        0,
        0,
        0,
        0,
        0,
        0,
        0,
        0,
        0,
        0,
        0,
        0,
        0,
        0,
        0,
        0,
        0,
        0,
        0
      ]
    },
    {
      "command": "./build/algos/linear_search_vector_early_term n-chunked-random-s-13-w-uint32 n 10",
      "mean": 0.03158619659999999,
      "stddev": 0.0007823393625329889,
      "median": 0.031500574,
      "user": 0.0074366,
      "system": 0.0175512,
      "min": 0.030132889000000003,
      "max": 0.03402128,
      "times": [
        0.032621973000000005,
        0.031949049,
        0.031487935,
        0.031073873000000002,
        0.031351939,
        0.031351173,
        0.032396082,
        0.032045066000000004,
        0.032456234,
        0.030497186000000003,
        0.032082461,
        0.030475046000000002,
        0.032056299,
        0.031871435000000004,
        0.031120320000000003,
        0.031663104000000004,
        0.030997187000000002,
        0.031530042,
        0.031821481,
        0.031033150000000002,
        0.03148795,
        0.031447072,
        0.03251259,
        0.031751915,
        0.031513198,
        0.03402128,
        0.03145163,
        0.030132889000000003,
        0.030867920000000004,
        0.030518419
      ],
      "exit_codes": [
        0,
        0,
        0,
        0,
        0,
        0,
        0,
        0,
        0,
        0,
        0,
        0,
        0,
        0,
        0,
        0,
        0,
        0,
        0,
        0,
        0,
        0,
        0,
        0,
        0,
        0,
        0,
        0,
        0,
        0
      ]
    },
    {
      "command": "./build/algos/binary_search_basic n-chunked-random-s-13-w-uint32 n 10",
      "mean": 0.014993656514285716,
      "stddev": 0.00025444421879835334,
      "median": 0.014972509,
      "user": 0.0007033714285714284,
      "system": 0.004483228571428572,
      "min": 0.014506518000000001,
      "max": 0.015677780000000002,
      "times": [
        0.014794567000000002,
        0.015091432,
        0.014972509,
        0.015167612,
        0.014627394,
        0.014970516000000001,
        0.015325012,
        0.015139998000000002,
        0.015238627000000001,
        0.015206130000000002,
        0.01494609,
        0.015219134,
        0.014506518000000001,
        0.015072625000000001,
        0.014725039,
        0.014705057,
        0.015087256,
        0.014908951,
        0.015053936,
        0.014850125,
        0.015139216,
        0.014969619000000002,
        0.01465283,
        0.015083754000000001,
        0.015677780000000002,
        0.015499632000000001,
        0.015049556,
        0.014803785000000002,
        0.014880757000000001,
        0.014656544,
        0.014611261,
        0.015081112,
        0.015229699000000001,
        0.014939337,
        0.014894568
      ],
      "exit_codes": [
        0,
        0,
        0,
        0,
        0,
        0,
        0,
        0,
        0,
        0,
        0,
        0,
        0,
        0,
        0,
        0,
        0,
        0,
        0,
        0,
        0,
        0,
        0,
        0,
        0,
        0,
        0,
        0,
        0,
        0,
        0,
        0,
        0,
        0,
        0
      ]
    }
  ]
}
