{
  "results": [
    {
      "command": "./build/algos/linear_search_basic n-chunked-random-s-5-w-uint32 n 10",
      "mean": 0.004420027775,
      "stddev": 0.00025823129443626724,
      "median": 0.004466942,
      "user": 0.001328675,
      "system": 0.000741775,
      "min": 0.0033757220000000003,
      "max": 0.004701524,
      "times": [
        0.0033757220000000003,
        0.004632056000000001,
        0.004611928,
        0.004551388,
        0.004402286,
        0.004637191000000001,
        0.004443675,
        0.0046870340000000005,
        0.0042228560000000005,
        0.004199617,
        0.0037986620000000004,
        0.004278161,
        0.004139165,
        0.004437922,
        0.004491210000000001,
        0.004490209,
        0.0043622900000000004,
        0.004300747000000001,
        0.004256336,
        0.0046875630000000005,
        0.004375482,
        0.004494645,
        0.004173319,
        0.004684777,
        0.00449395,
        0.0046902160000000005,
        0.0043395280000000005,
        0.0045271370000000005,
        0.004701524,
        0.004348933,
        0.004363152,
        0.004554689000000001,
        0.004656207,
        0.0046070090000000005,
        0.004675956,
        0.004244802000000001,
        0.0043087180000000004,
        0.004418334,
        0.004635343,
        0.004501372
      ],
      "exit_codes": [
        0,
        0,
        0,
        0,
        0,
        0,
        0,
        0,
        0,
        0,
        0,
        0,
        0,
        0,
        0,
        0,
        0,
        0,
        0,
        0,
        0,
        0,
        0,
        0,
        0,
        0,
        0,
        0,
        0,
        0,
        0,
        0,
        0,
        0,
        0,
        0,
        0,
        0,
        0,
        0
      ]
    },
    {
      "command": "./build/algos/linear_search_vector n-chunked-random-s-5-w-uint32 n 10",
      "mean": 0.0044346671914893615,
      "stddev": 0.00048442620239003153,
      "median": 0.004476037,
      "user": 0.0013165319148936167,
      "system": 0.0006818723404255321,
      "min": 0.0015705570000000002,
      "max": 0.005055657000000001,
      "times": [
        0.004561588,
        0.004182571,
        0.004758672,
        0.004885816,
        0.004571845000000001,
        0.004347717,
        0.004473314,
        0.004421681,
        0.0046980270000000005,
        0.004178528,
        0.004602686,
        0.004447761000000001,
        0.0043384980000000005,
        0.004354622000000001,
        0.004588649,
        0.005055657000000001,
        0.004660598,
        0.004812078,
        0.004620226000000001,
        0.004244665,
        0.004541404000000001,
        0.0043035750000000005,
        0.004415533,
        0.004228133,
        0.004733055,
        0.004748401,
        0.004266217,
        0.004434876,
        0.004566035,
        0.0043362800000000005,
        0.004453964,
        0.004492358,
        0.004476037,
        0.004895176,
        0.004557366,
        0.00432448,
        0.0015705570000000002,
        0.004175746,
        0.004424405,
        0.0046171860000000006,
        0.004340021,
        0.0046072150000000004,
        0.0044214860000000005,
        0.004717427000000001,
        0.004590266,
        0.003743971,
        0.004642989
      ],
      "exit_codes": [
        0,
        0,
        0,
        0,
        0,
        0,
        0,
        0,
        0,
        0,
        0,
        0,
        0,
        0,
        0,
        0,
        0,
        0,
        0,
        0,
        0,
        0,
        0,
        0,
        0,
        0,
        0,
        0,
        0,
        0,
        0,
        0,
        0,
        0,
        0,
        0,
        0,
        0,
        0,
        0,
        0,
        0,
        0,
        0,
        0,
        0,
        0
      ]
    },
    {
      "command": "./build/algos/linear_search_basic_early_term n-chunked-random-s-5-w-uint32 n 10",
      "mean": 0.0044994041521739135,
      "stddev": 0.00020262693883587774,
      "median": 0.0045448425,
      "user": 0.0014157826086956522,
      "system": 0.0005609347826086956,
      "min": 0.004116072,
      "max": 0.004969002,
      "times": [
        0.004626384,
        0.004124458,
        0.0042438730000000004,
        0.004469342,
        0.004559686,
        0.00444431,
        0.004394121,
        0.004668647000000001,
        0.004774843,
        0.004657087,
        0.0045707230000000005,
        0.004580086000000001,
        0.004668373,
        0.004477386,
        0.004569986000000001,
        0.004236875,
        0.004604193,
        0.004308874,
        0.004484099,
        0.004245291,
        0.004269585,
        0.004253131,
        0.004372315,
        0.004153025,
        0.004969002,
        0.004358209,
        0.004567041,
        0.004479281,
        0.004808896,
        0.004551016000000001,
        0.004658141,
        0.004630515,
        0.004612697000000001,
        0.004573267000000001,
        0.004116072,
        0.004296778,
        0.0044350380000000005,
        0.004619275,
        0.004269505000000001,
        0.004538669,
        0.0045833160000000005,
        0.0043679240000000005,
        0.0045613780000000005,
        0.004830166,
        0.004941725,
        0.0044479870000000005
      ],
      "exit_codes": [
        0,
        0,
        0,
        0,
        0,
        0,
        0,
        0,
        0,
        0,
        0,
        0,
        0,
        0,
        0,
        0,
        0,
        0,
        0,
        0,
        0,
        0,
        0,
        0,
        0,
        0,
        0,
        0,
        0,
        0,
        0,
        0,
        0,
        0,
        0,
        0,
        0,
        0,
        0,
        0,
        0,
        0,
        0,
        0,
        0,
        0
      ]
    },
    {
      "command": "./build/algos/linear_search_vector_early_term n-chunked-random-s-5-w-uint32 n 10",
      "mean": 0.004443719673913044,
      "stddev": 0.0002168318277569103,
      "median": 0.0044222845,
      "user": 0.0009270434782608693,
      "system": 0.001041391304347826,
      "min": 0.00404613,
      "max": 0.005164991000000001,
      "times": [
        0.004395093,
        0.004448887,
        0.004065399,
        0.004369156,
        0.004301804,
        0.0045890850000000006,
        0.0046091230000000006,
        0.004293791,
        0.0045358640000000006,
        0.004773862,
        0.0044221980000000004,
        0.004824303,
        0.004340945000000001,
        0.005164991000000001,
        0.004753678,
        0.0041590080000000005,
        0.004339797,
        0.004424538,
        0.004638211000000001,
        0.0044223710000000005,
        0.004508089000000001,
        0.004295468,
        0.004304929,
        0.004809122,
        0.004509555,
        0.004520645,
        0.00404613,
        0.004484887,
        0.004481774,
        0.004405732,
        0.004524655000000001,
        0.0042447280000000006,
        0.004137168,
        0.004217052000000001,
        0.0041888870000000005,
        0.0044692,
        0.004664551,
        0.0043591640000000004,
        0.004377311,
        0.004326104,
        0.004765758,
        0.004541416,
        0.004339073000000001,
        0.00431798,
        0.004270299,
        0.004429324
      ],