{
  "results": [
    {
      "command": "./build/algos/linear_search_basic n-chunked-random-s-1-w-uint32 n 10",
      "mean": 0.0040799231707317075,
      "stddev": 0.00041405630542843455,
      "median": 0.004127071,
      "user": 0.0012251463414634145,
      "system": 0.0005825365853658537,
      "min": 0.002168819,
      "max": 0.004587826000000001,
      "times": [
        0.002869579,
        0.004009544,
        0.004347373,
        0.004028474000000001,
        0.0042530680000000005,
        0.004108804000000001,
        0.003974237,
        0.003978196,
        0.003675016,
        0.002168819,
        0.003889309,
        0.004082072,
        0.004127071,
        0.0043283,
        0.003997236,
        0.004283309,
        0.004412723,
        0.0038969380000000004,
        0.004147831,
        0.004167891,
        0.004164556000000001,
        0.004297093,
        0.003871423,
        0.004091486,
        0.004386947,
        0.004213502,
        0.004365454,
        0.003996638,
        0.004327534,
        0.004350573,
        0.003969848000000001,
        0.004368554,
        0.003970707,
        0.004441853,
        0.004075850000000001,
        0.004407513,
        0.004587826000000001,
        0.0041069850000000005,
        0.003962834,
        0.004247356,
        0.0043265280000000005
      ],
      "exit_codes": [
        0,
        0,
        0,
        0,
        0,
        0,
        0,
        0,
        0,
        0,
        0,
        0,
        0,
        0,
        0,
        0,
        0,
        0,
        0,
        0,
        0,
        0,
        0,
        0,
        0,
        0,
        0,
        0,
        0,
        0,
        0,
        0,
        0,
        0,
        0,
        0,
        0,
        0,
        0,
        0,
        0
      ]
    },
    {
      "command": "./build/algos/linear_search_vector n-chunked-random-s-1-w-uint32 n 10",
      "mean": 0.004297514804347827,
      "stddev": 0.00017203488360596064,
      "median": 0.004314524,
      "user": 0.0011199565217391307,
      "system": 0.0007332826086956523,
      "min": 0.004004726,
      "max": 0.004701149,
      "times": [
        0.0041620500000000005,
        0.004527302,
        0.0041842630000000006,
        0.0040675880000000005,
        0.004351777,
        0.004159044000000001,
        0.004324794,
        0.004460093,
        0.004365159,
        0.004092601,
        0.004372235,
        0.004078661,
        0.004203585,
        0.0042819550000000005,
        0.004378611,
        0.00423006,
        0.004346967,
        0.004066313,
        0.004328554,
        0.004202015,
        0.004457343,
        0.004228929,
        0.004038633000000001,
        0.004401961,
        0.004436718,
        0.004501947,
        0.004365744,
        0.004506541,
        0.004564988,
        0.004329212000000001,
        0.004215504,
        0.004304254,
        0.0040789630000000006,
        0.004292599,
        0.004464631,
        0.004634093000000001,
        0.00408408,
        0.004127017,
        0.004328481,
        0.0044509630000000005,
        0.004701149,
        0.00413483,
        0.004247832,
        0.004080551,
        0.004004726,
        0.004520365
      ],
      "exit_codes": [
        0,
        0,
        0,
        0,
        0,
        0,
        0,
        0,
        0,
        0,
        0,
        0,
        0,
        0,
        0,
        0,
        0,
        0,
        0,
        0,
        0,
        0,
        0,
        0,
        0,
        0,
        0,
        0,
        0,
        0,
        0,
        0,
        0,
        0,
        0,
        0,
        0,
        0,
        0,
        0,
        0,
        0,
        0,
        0,
        0,
        0
      ]
    },
    {
      "command": "./build/algos/linear_search_basic_early_term n-chunked-random-s-1-w-uint32 n 10",
      "mean": 0.0042997348913043475,
      "stddev": 0.00022273444022125722,
      "median": 0.004301669500000001,
      "user": 0.0011487608695652173,
      "system": 0.0007127608695652174,
      "min": 0.0038194130000000002,
      "max": 0.005062247000000001,
      "times": [
        0.004163448,
        0.0039785390000000006,
        0.004072767000000001,
        0.004317202,
        0.004393026,
        0.004282246,
        0.0042843280000000004,
        0.003958403,
        0.003922278,
        0.004142467,
        0.0041973620000000005,
        0.003955008,
        0.004319358000000001,
        0.004475318000000001,
        0.004322404,
        0.0043718360000000005,
        0.004292863,
        0.004211521,
        0.0043787470000000005,
        0.0042337650000000004,
        0.004456257,
        0.0038194130000000002,
        0.004325426,
        0.0043188820000000004,
        0.004756054,
        0.004574614,
        0.004363897,
        0.004419749000000001,
        0.004468204,
        0.005062247000000001,
        0.004198327,
        0.004074909,
        0.004321939,
        0.004440053,
        0.004060823,
        0.0042292910000000005,
        0.0042999100000000005,
        0.004480227000000001,
        0.00429278,
        0.004731061,
        0.004251518,
        0.0043874940000000005,
        0.004216584000000001,
        0.004458041,
        0.004303429,
        0.004203790000000001
      ],
      "exit_codes": [
        0,
        0,
        0,
        0,
        0,
        0,
        0,
        0,
        0,
        0,
        0,
        0,
        0,
        0,
        0,
        0,
        0,
        0,
        0,
        0,
        0,
        0,
        0,
        0,
        0,
        0,
        0,
        0,
        0,
        0,
        0,
        0,
        0,
        0,
        0,
        0,
        0,
        0,
        0,
        0,
        0,
        0,
        0,
        0,
        0,
        0
      ]
    },
    {
      "command": "./build/algos/linear_search_vector_early_term n-chunked-random-s-1-w-uint32 n 10",
      "mean": 0.004221828404255319,
      "stddev": 0.00019625355556066395,
      "median": 0.004215896,
      "user": 0.0009886170212765955,
      "system": 0.000873787234042553,
      "min": 0.0037890170000000004,
      "max": 0.00461193,
      "times": [
        0.0041583,
        0.004078581,
        0.004147561,
        0.004274038,
        0.0041132650000000005,
        0.004135962,
        0.00461193,
        0.004117343,
        0.004123491,
        0.004304258,
        0.004434522000000001,
        0.003996583000000001,
        0.00427897,
        0.004236195,
        0.00391542,
        0.004500007,
        0.004300049,
        0.004541885000000001,
        0.004122724,
        0.004518488,
        0.00430528,
        0.004045153,
        0.004280947,
        0.0038912120000000002,
        0.004436902,
        0.0037890170000000004,
        0.003962733,
        0.00409172,
        0.004053382,
        0.004402039,
        0.004114204000000001,
        0.004320725,
        0.004161283,
        0.0044466770000000004,
        0.0045476990000000005,
        0.004183318,
        0.004040827,
        0.0043993140000000005,
        0.004260261,
        0.004418681000000001,
        0.0040495290000000005,
        0.0042686650000000005,
        0.004215896,
        0.004119168,
        0.003904966,
        0.004539565000000001,
        0.0042672000000000005
      ],