{
  "results": [
    {
      "command": "./build/algos/linear_search_basic n-chunked-random-s-15-w-uint32 n 10",
      "mean": 0.31434373690000006,
      "stddev": 0.001731656900872008,
      "median": 0.3142662235,
      "user": 0.11674790000000002,
      "system": 0.18984949999999998,
      "min": 0.31016177100000003,
      "max": 0.316068283,
      "times": [
        0.31398444000000003,
        0.31581711900000004,
        0.316068283,
        0.314027104,
        0.313708692,
        0.314505343,
        0.313899853,
        0.315334915,
        0.31016177100000003,
        0.31592984900000004
      ],
      "exit_codes": [
        0,
        0,
        0,
        0,
        0,
        0,
        0,
        0,
        0,
        0
      ]
    },
    {
      "command": "./build/algos/linear_search_vector n-chunked-random-s-15-w-uint32 n 10",
      "mean": 0.26487128560000006,
      "stddev": 0.001762345136308634,
      "median": 0.2657868295,
      "user": 0.048133699999999995,
      "system": 0.20888559999999998,
      "min": 0.2611606,
      "max": 0.266629765,
      "times": [
        0.266629765,
        0.265826216,
        0.266232717,
        0.2611606,
        0.265747443,
        0.265827079,
        0.263425471,
        0.26467028200000003,
        0.263119637,
        0.266073646
      ],
      "exit_codes": [
        0,
        0,
        0,
        0,
        0,
        0,
        0,
        0,
        0,
        0
      ]
    },
    {
      "command": "./build/algos/linear_search_basic_early_term n-chunked-random-s-15-w-uint32 n 10",
      "mean": 0.1794974503,
      "stddev": 0.0012902251866061588,
      "median": 0.17981072250000002,
      "user": 0.0550801,
      "system": 0.11835989999999999,
      "min": 0.17692507400000002,
      "max": 0.180945622,
      "times": [
        0.180945622,
        0.178704157,
        0.177858962,
        0.17692507400000002,
        0.18022364100000002,
        0.18037624800000002,
        0.179621325,
        0.179835203,
        0.180698029,
        0.179786242
      ],
      "exit_codes": [
        0,
        0,
        0,
        0,
        0,
        0,
        0,
        0,
        0,
        0
      ]
    },
    {
      "command": "./build/algos/linear_search_vector_early_term n-chunked-random-s-15-w-uint32 n 10",
      "mean": 0.1640361388181818,
      "stddev": 0.0008572001753467924,
      "median": 0.16389399300000002,
      "user": 0.042254636363636355,
      "system": 0.11574236363636364,
      "min": 0.162359118,
      "max": 0.16543876200000002,
      "times": [
        0.163956657,
        0.16426146500000002,
        0.163672579,
        0.162359118,
        0.16543581200000002,
        0.163851872,
        0.16389399300000002,
        0.16423937500000002,
        0.16355249400000002,
        0.16543876200000002,
        0.1637354
      ],
      "exit_codes": [
        0,
        0,
        0,
        0,
        0,
        0,
        0,
        0,
        0,
        0,
        0
      ]
    },
    {
      "command": "./build/algos/binary_search_basic n-chunked-random-s-15-w-uint32 n 10",
      "mean": 0.015783889892857145,
      "stddev": 0.0003585574204061623,
      "median": 0.0157797205,
      "user": 0.00034425,
      "system": 0.009187785714285714,
      "min": 0.014993252,
      "max": 0.016404326,
      "times": [
        0.016038566,
        0.016375453,
        0.015294021000000001,
        0.015764791,
        0.016371946000000002,
        0.01579465,
        0.016013566,
        0.016062351000000002,
        0.015439733,
        0.016259039,
        0.016126047,
        0.015865162000000002,
        0.015744678,
        0.014993252,
        0.015341134000000001,
        0.016404326,
        0.016037739000000002,
        0.015669522,
        0.015491497000000002,
        0.015620164,
        0.015834553,
        0.015718351000000002,
        0.015586843000000001,
        0.015915323000000002,
        0.015411799,
        0.015278959000000002,
        0.015835871,
        0.015659581000000002
      ],
      "exit_codes": [
        0,
        0,
        0,
        0,
        0,
        0,
        0,
        0,
        0,
        0,
        0,
        0,
        0,
        0,
        0,
        0,
        0,
        0,
        0,
        0,
        0,
        0,
        0,
        0,
        0,
        0,
        0,
        0
      ]
    }
  ]
}
