{
  "results": [
    {
      "command": "./build/algos/linear_search_basic n-chunked-random-s-7-w-uint32 n 10",
      "mean": 0.005570220951219512,
      "stddev": 0.00029279720364528344,
      "median": 0.0056271030000000005,
      "user": 0.0016622682926829267,
      "system": 0.0010744390243902437,
      "min": 0.00436743,
      "max": 0.00599778,
      "times": [
        0.00436743,
        0.005900039,
        0.005732524,
        0.005269898,
        0.0057326600000000005,
        0.005677604,
        0.005845486,
        0.005482349,
        0.005532127,
        0.005739481,
        0.005783357,
        0.005758699,
        0.005621920000000001,
        0.005594848,
        0.005007774,
        0.005256481,
        0.00532777,
        0.005329342,
        0.00565105,
        0.005483685,
        0.005064962,
        0.005358792,
        0.005809512,
        0.00558087,
        0.0057162110000000006,
        0.005809856,
        0.005570702,
        0.00599778,
        0.005692348000000001,
        0.005399729000000001,
        0.005606521000000001,
        0.005770942,
        0.005334829,
        0.005605243,
        0.005739004000000001,
        0.005911025,
        0.005599333000000001,
        0.0056271030000000005,
        0.005653738,
        0.005630479000000001,
        0.005805556000000001
      ],
      "exit_codes": [
        0,
        0,
        0,
        0,
        0,
        0,
        0,
        0,
        0,
        0,
        0,
        0,
        0,
        0,
        0,
        0,
        0,
        0,
        0,
        0,
        0,
        0,
        0,
        0,
        0,
        0,
        0,
        0,
        0,
        0,
        0,
        0,
        0,
        0,
        0,
        0,
        0,
        0,
        0,
        0,
        0
      ]
    },
    {
      "command": "./build/algos/linear_search_vector n-chunked-random-s-7-w-uint32 n 10",
      "mean": 0.0055173517333333335,
      "stddev": 0.00022564443236734608,
      "median": 0.005531363,
      "user": 0.0013041333333333334,
      "system": 0.0012731111111111107,
      "min": 0.0050253170000000005,
      "max": 0.006008980000000001,
      "times": [
        0.005531363,
        0.005349709,
        0.0052533480000000006,
        0.006008980000000001,
        0.005201493000000001,
        0.005240542,
        0.0050253170000000005,
        0.005516699000000001,
        0.005532452,
        0.0057540000000000004,
        0.005763047,
        0.005597271,
        0.005502746,
        0.0054080460000000006,
        0.0056501120000000005,
        0.005268967,
        0.005353781,
        0.005933313,
        0.0052433010000000006,
        0.005673631,
        0.005681951,
        0.005173341000000001,
        0.0056496540000000005,
        0.0055459540000000005,
        0.005471907000000001,
        0.005687198,
        0.00566513,
        0.005716401,
        0.005594385,
        0.005525791,
        0.005831059,
        0.005445078000000001,
        0.005747868000000001,
        0.005681937000000001,
        0.005689768,
        0.005039904,
        0.00560847,
        0.005313072,
        0.005418077,
        0.0057043580000000005,
        0.00523076,
        0.005494983,
        0.005484875,
        0.005742082000000001,
        0.005328707
      ],
      "exit_codes": [
        0,
        0,
        0,
        0,
        0,
        0,
        0,
        0,
        0,
        0,
        0,
        0,
        0,
        0,
        0,
        0,
        0,
        0,
        0,
        0,
        0,
        0,
        0,
        0,
        0,
        0,
        0,
        0,
        0,
        0,
        0,
        0,
        0,
        0,
        0,
        0,
        0,
        0,
        0,
        0,
        0,
        0,
        0,
        0,
        0
      ]
    },
    {
      "command": "./build/algos/linear_search_basic_early_term n-chunked-random-s-7-w-uint32 n 10",
      "mean": 0.005463060608695653,
      "stddev": 0.00018052076970002075,
      "median": 0.0054896300000000006,
      "user": 0.0012018695652173913,
      "system": 0.0012879347826086959,
      "min": 0.004973147000000001,
      "max": 0.005856697,
      "times": [
        0.005452525000000001,
        0.005285685,
        0.005097455000000001,
        0.005693701000000001,
        0.005479942000000001,
        0.005285229000000001,
        0.005431068000000001,
        0.005365096000000001,
        0.00500937,
        0.0056008130000000005,
        0.0054737200000000005,
        0.00550886,
        0.005357968,
        0.005547900000000001,
        0.00555614,
        0.005503412,
        0.005394447,
        0.0056131670000000005,
        0.00551463,
        0.005509076000000001,
        0.005373893,
        0.00570365,
        0.005317928,
        0.005517968000000001,
        0.0055274320000000005,
        0.0058070710000000005,
        0.005337912,
        0.005352568,
        0.0056182110000000006,
        0.005339201,
        0.005268387,
        0.005431338,
        0.005281546000000001,
        0.004973147000000001,
        0.005675252,
        0.00533405,
        0.005571362000000001,
        0.0054212,
        0.005531547,
        0.0056649330000000005,
        0.0054677960000000005,
        0.005518692,
        0.00560112,
        0.005856697,
        0.0054993180000000004,
        0.005628365000000001
      ],
      "exit_codes": [
        0,
        0,
        0,
        0,
        0,
        0,
        0,
        0,
        0,
        0,
        0,
        0,
        0,
        0,
        0,
        0,
        0,
        0,
        0,
        0,
        0,
        0,
        0,
        0,
        0,
        0,
        0,
        0,
        0,
        0,
        0,
        0,
        0,
        0,
        0,
        0,
        0,
        0,
        0,
        0,
        0,
        0,
        0,
        0,
        0,
        0
      ]
    },
    {
      "command": "./build/algos/linear_search_vector_early_term n-chunked-random-s-7-w-uint32 n 10",
      "mean": 0.005359808822222222,
      "stddev": 0.00016171211322837213,
      "median": 0.005389636000000001,
      "user": 0.0013647333333333333,
      "system": 0.001108088888888889,
      "min": 0.005017166,
      "max": 0.005605881,
      "times": [
        0.005308464000000001,
        0.005242929,
        0.005483695,
        0.005258632,
        0.0052518420000000005,
        0.005389601,
        0.005461883000000001,
        0.005567787,
        0.005017166,
        0.0052187100000000005,
        0.005422295000000001,
        0.005173034,
        0.00559134,
        0.005047856000000001,
        0.005225826,
        0.005397059,
        0.005253022,
        0.0054082520000000005,
        0.005458377,
        0.005404909,
        0.005543277,
        0.005246672,
        0.005413454000000001,
        0.005121523,
        0.005428548,
        0.005425799,
        0.0055581350000000005,
        0.005380908,
        0.005178888,
        0.005605881,
        0.005154706,
        0.005500408,
        0.005255018,
        0.0053363970000000005,
        0.005582564,
        0.005440690000000001,
        0.00559821,
        0.005121543,
        0.005210381,
        0.005530155,
        0.005374607,
        0.005512847,
        0.0051221,
        0.005389636000000001,
        0.005576371
      ],
      "exit_codes": [
        0,
        0,
        0,
        0,
        0,
        0,
        0,
        0,
        0,
        0,
        0,
        0,
        0,
        0,
        0,
        0,
        0,
        0,
        0,
        0,
        0,
        0,
        0,
        0,
        0,
        0,
        0,
        0,
        0,
        0,
        0,
        0,
        0,
        0,
        0,
        0,
        0,
        0,
        0,
        0,
        0,
        0,
        0,
        0,
        0
      ]
    },
    {
      "command": "./build/algos/binary_search_basic n-chunked-random-s-7-w-uint32 n 10",