{
  "results": [
    {
      "command": "./build/algos/linear_search_basic n-chunked-random-s-14-w-uint32 n 10",
      "mean": 0.1241421606,
      "stddev": 0.0016416714777629988,
      "median": 0.12397938600000001,
      "user": 0.049417333333333334,
      "system": 0.07084266666666666,
      "min": 0.12159881600000001,
      "max": 0.12698588900000002,
      "times": [
        0.126502244,
        0.12698588900000002,
        0.124043835,
        0.12378174800000001,
        0.122822068,
        0.12192346800000001,
        0.12397938600000001,
        0.12159881600000001,
        0.12431265000000001,
        0.126822018,
        0.12456467400000001,
        0.12257103500000001,
        0.123720143,
        0.12365450300000001,
        0.12484993200000001
      ],
      "exit_codes": [
        0,
        0,
        0,
        0,
        0,
        0,
        0,
        0,
        0,
        0,
        0,
        0,
        0,
        0,
        0
      ]
    },
    {
      "command": "./build/algos/linear_search_vector n-chunked-random-s-14-w-uint32 n 10",
      "mean": 0.10314179333333334,
      "stddev": 0.0018353724958706668,
      "median": 0.102500328,
      "user": 0.0245162,
      "system": 0.07427493333333332,
      "min": 0.10088988600000001,
      "max": 0.107795255,
      "times": [
        0.10619841000000001,
        0.10312898200000001,
        0.10297640200000001,
        0.10226842800000001,
        0.103168746,
        0.10124672500000001,
        0.102273345,
        0.104332323,
        0.10160675400000001,
        0.10234478500000001,
        0.10244716300000001,
        0.102500328,
        0.103949368,
        0.107795255,
        0.10088988600000001
      ],
      "exit_codes": [
        0,
        0,
        0,
        0,
        0,
        0,
        0,
        0,
        0,
        0,
        0,
        0,
        0,
        0,
        0
      ]
    },
    {
      "command": "./build/algos/linear_search_basic_early_term n-chunked-random-s-14-w-uint32 n 10",
      "mean": 0.07430045811111112,
      "stddev": 0.001239376422407129,
      "median": 0.07425385400000001,
      "user": 0.021903944444444448,
      "system": 0.04887172222222222,
      "min": 0.071921755,
      "max": 0.07662226000000001,
      "times": [
        0.074405864,
        0.07548644,
        0.074293393,
        0.07534057200000001,
        0.07285071700000001,
        0.07635876400000001,
        0.07338746800000001,
        0.074161159,
        0.07662226000000001,
        0.07410757300000001,
        0.074216481,
        0.071921755,
        0.074291227,
        0.07284291300000001,
        0.07474372900000001,
        0.074156672,
        0.075317906,
        0.072903353
      ],
      "exit_codes": [
        0,
        0,
        0,
        0,
        0,
        0,
        0,
        0,
        0,
        0,
        0,
        0,
        0,
        0,
        0,
        0,
        0,
        0
      ]
    },
    {
      "command": "./build/algos/linear_search_vector_early_term n-chunked-random-s-14-w-uint32 n 10",
      "mean": 0.0700060157,
      "stddev": 0.0011470461201854227,
      "median": 0.07002222899999999,
      "user": 0.020355550000000004,
      "system": 0.045896250000000006,
      "min": 0.06809696300000001,
      "max": 0.072452916,
      "times": [
        0.07040222,
        0.068141796,
        0.068483841,
        0.06959955100000001,
        0.069940879,
        0.069453769,
        0.070467373,
        0.07215631,
        0.070268838,
        0.07151007200000001,
        0.070264063,
        0.072452916,
        0.069879405,
        0.06973438800000001,
        0.068872216,
        0.07014152800000001,
        0.06809696300000001,
        0.07045986400000001,
        0.069690743,
        0.070103579
      ],
      "exit_codes": [
        0,
        0,
        0,
        0,
        0,
        0,
        0,
        0,
        0,
        0,
        0,
        0,
        0,
        0,
        0,
        0,
        0,
        0,
        0,
        0
      ]
    },
    {
      "command": "./build/algos/binary_search_basic n-chunked-random-s-14-w-uint32 n 10",
      "mean": 0.013912957454545455,
      "stddev": 0.0008840049279653045,
      "median": 0.013542552000000001,
      "user": 0.0009325454545454545,
      "system": 0.005147424242424242,
      "min": 0.013182392000000001,
      "max": 0.016129745,
      "times": [
        0.013626211000000001,
        0.013369085000000001,
        0.013327866,
        0.013683621000000002,
        0.013473856000000001,
        0.013378504000000001,
        0.013490690000000001,
        0.013979635,
        0.013182392000000001,
        0.013542552000000001,
        0.013282023,
        0.013371891,
        0.013718909000000001,
        0.013615136000000002,
        0.013810203,
        0.013378954,
        0.01364184,
        0.013429469000000001,
        0.013444642000000001,
        0.013400407000000001,
        0.013597148000000002,
        0.013437771000000001,
        0.013668857000000001,
        0.013185578000000002,
        0.013537375,
        0.013383959,
        0.013963227000000002,
        0.015473301000000002,
        0.015863897000000002,
        0.015400738,
        0.015919773,
        0.016129745,
        0.015418341
      ],
      "exit_codes": [
        0,
        0,
        0,
        0,
        0,
        0,
        0,
        0,
        0,
        0,
        0,
        0,
        0,
        0,
        0,
        0,
        0,
        0,
        0,
        0,
        0,
        0,
        0,
        0,
        0,
        0,
        0,
        0,
        0,
        0,
        0,
        0,
        0
      ]
    }
  ]
}
