{
  "results": [
    {
      "command": "./build/algos/linear_search_basic n-chunked-random-s-16-w-uint32 n 10",
      "mean": 0.7188283350000001,
      "stddev": 0.07920832097770117,
      "median": 0.766349843,
      "user": 0.2617729,
      "system": 0.4455635,
      "min": 0.6215025740000001,
      "max": 0.796608494,
      "times": [
        0.625829171,
        0.626596245,
        0.6215025740000001,
        0.636352753,
        0.7634207590000001,
        0.796608494,
        0.790580025,
        0.7839896160000001,
        0.774124786,
        0.769278927
      ],
      "exit_codes": [
        0,
        0,
        0,
        0,
        0,
        0,
        0,
        0,
        0,
        0
      ]
    },
    {
      "command": "./build/algos/linear_search_vector n-chunked-random-s-16-w-uint32 n 10",
      "mean": 0.6554560987000001,
      "stddev": 0.0065247067540889925,
      "median": 0.654204506,
      "user": 0.10262259999999998,
      "system": 0.5402595,
      "min": 0.646665436,
      "max": 0.66774767,
      "times": [
        0.660548007,
        0.653697288,
        0.6595642730000001,
        0.650548211,
        0.654711724,
        0.653414424,
        0.66774767,
        0.64771625,
        0.646665436,
        0.659947704
      ],
      "exit_codes": [
        0,
        0,
        0,
        0,
        0,
        0,
        0,
        0,
        0,
        0
      ]
    },
    {
      "command": "./build/algos/linear_search_basic_early_term n-chunked-random-s-16-w-uint32 n 10",
      "mean": 0.3133437412,
      "stddev": 0.0020876335698279546,
      "median": 0.313674453,
      "user": 0.0898401,
      "system": 0.2165705,
      "min": 0.310473596,
      "max": 0.315738976,
      "times": [
        0.310784538,
        0.310473596,
        0.315480176,
        0.313250081,
        0.314098825,
        0.312824402,
        0.315738976,
        0.31070378400000004,
        0.315567003,
        0.31451603100000003
      ],
      "exit_codes": [
        0,
        0,
        0,
        0,
        0,
        0,
        0,
        0,
        0,
        0
      ]
    },
    {
      "command": "./build/algos/linear_search_vector_early_term n-chunked-random-s-16-w-uint32 n 10",
      "mean": 0.28413796460000007,
      "stddev": 0.0021316316061548873,
      "median": 0.2831608015,
      "user": 0.0558973,
      "system": 0.22114540000000002,
      "min": 0.28171908900000003,
      "max": 0.287296959,
      "times": [
        0.282625542,
        0.282510107,
        0.28297579700000003,
        0.287296959,
        0.28244581900000004,
        0.284753066,
        0.28334580600000003,
        0.28171908900000003,
        0.28657399100000003,
        0.28713347
      ],
      "exit_codes": [
        0,
        0,
        0,
        0,
        0,
        0,
        0,
        0,
        0,
        0
      ]
    },
    {
      "command": "./build/algos/binary_search_basic n-chunked-random-s-16-w-uint32 n 10",
      "mean": 0.018232844166666665,
      "stddev": 0.0005328344789141146,
      "median": 0.018246738000000002,
      "user": 0.0005341666666666667,
      "system": 0.010508833333333335,
      "min": 0.017527827000000003,
      "max": 0.0193596,
      "times": [
        0.018838079,
        0.018395881000000003,
        0.019242071,
        0.018205455000000002,
        0.0193596,
        0.018485185,
        0.018306101,
        0.017671350000000002,
        0.018111676,
        0.018292108,
        0.017580098000000002,
        0.01848816,
        0.017664292,
        0.017928069,
        0.017527827000000003,
        0.018146467,
        0.017660755,
        0.018288021
      ],
      "exit_codes": [
        0,
        0,
        0,
        0,
        0,
        0,
        0,
        0,
        0,
        0,
        0,
        0,
        0,
        0,
        0,
        0,
        0,
        0
      ]
    }
  ]
}
