{
  "results": [
    {
      "command": "./build/algos/linear_search_basic n-chunked-random-s-4-w-uint32 n 10",
      "mean": 0.004282367999999999,
      "stddev": 0.0003240370522132065,
      "median": 0.0043715905000000005,
      "user": 0.0011287142857142854,
      "system": 0.0007961190476190475,
      "min": 0.0029517840000000003,
      "max": 0.004836858,
      "times": [
        0.0034065780000000004,
        0.004456132000000001,
        0.004113727,
        0.0041152160000000005,
        0.00438896,
        0.004368919000000001,
        0.004618130000000001,
        0.004463367,
        0.0044212340000000004,
        0.0029517840000000003,
        0.004481742,
        0.004391174,
        0.004473195,
        0.004320702,
        0.004338637,
        0.004282884000000001,
        0.004075918,
        0.004548475000000001,
        0.004148606,
        0.004417358000000001,
        0.0043219980000000005,
        0.004374262,
        0.004477879000000001,
        0.004139559,
        0.004056162,
        0.004082779,
        0.0040510830000000005,
        0.004092504,
        0.0041916160000000004,
        0.004599176,
        0.0044757650000000005,
        0.004486093,
        0.004549586,
        0.004156536000000001,
        0.004420383,
        0.004836858,
        0.004669487,
        0.004259041,
        0.004452884000000001,
        0.004435654000000001,
        0.0038989220000000004,
        0.004048491
      ],
      "exit_codes": [
        0,
        0,
        0,
        0,
        0,
        0,
        0,
        0,
        0,
        0,
        0,
        0,
        0,
        0,
        0,
        0,
        0,
        0,
        0,
        0,
        0,
        0,
        0,
        0,
        0,
        0,
        0,
        0,
        0,
        0,
        0,
        0,
        0,
        0,
        0,
        0,
        0,
        0,
        0,
        0,
        0,
        0
      ]
    },
    {
      "command": "./build/algos/linear_search_vector n-chunked-random-s-4-w-uint32 n 10",
      "mean": 0.004225905739130434,
      "stddev": 0.000578464169396839,
      "median": 0.0043045755,
      "user": 0.001194304347826087,
      "system": 0.0006956521739130435,
      "min": 0.001193648,
      "max": 0.004831458,
      "times": [
        0.004377481,
        0.004044781,
        0.004113834,
        0.004831458,
        0.004441015,
        0.004011871,
        0.004532501,
        0.004452342000000001,
        0.004416595000000001,
        0.004452262,
        0.004260975,
        0.004254578,
        0.004513715000000001,
        0.0041736410000000005,
        0.004307974,
        0.004309375,
        0.004357927,
        0.004702393,
        0.0041163960000000005,
        0.004428446,
        0.004063887,
        0.004141046000000001,
        0.004168878,
        0.004614888,
        0.00421451,
        0.00442109,
        0.004427123000000001,
        0.004449667,
        0.004149497,
        0.004512721,
        0.004544958,
        0.004438039,
        0.004301177000000001,
        0.004243289,
        0.004032981000000001,
        0.004197402,
        0.001193648,
        0.004247827,
        0.0044966960000000005,
        0.00471552,
        0.004300513000000001,
        0.004119355,
        0.004046478,
        0.004660469,
        0.004250479000000001,
        0.002339966
      ],
      "exit_codes": [
        0,
        0,
        0,
        0,
        0,
        0,
        0,
        0,
        0,
        0,
        0,
        0,
        0,
        0,
        0,
        0,
        0,
        0,
        0,
        0,
        0,
        0,
        0,
        0,
        0,
        0,
        0,
        0,
        0,
        0,
        0,
        0,
        0,
        0,
        0,
        0,
        0,
        0,
        0,
        0,
        0,
        0,
        0,
        0,
        0,
        0
      ]
    },
    {
      "command": "./build/algos/linear_search_basic_early_term n-chunked-random-s-4-w-uint32 n 10",
      "mean": 0.00429975311111111,
      "stddev": 0.00020493523406024715,
      "median": 0.004354546,
      "user": 0.0008836888888888888,
      "system": 0.0010238,
      "min": 0.003829129,
      "max": 0.004680489,
      "times": [
        0.003984917,
        0.004482468,
        0.004194801000000001,
        0.004412684,
        0.00456224,
        0.0040655100000000005,
        0.004027237,
        0.0041188250000000004,
        0.0042983430000000005,
        0.004611965,
        0.004367026,
        0.004153243,
        0.003829129,
        0.004354546,
        0.004391191,
        0.004488108,
        0.004471382,
        0.004288308,
        0.004389624,
        0.004596282,
        0.004217292,
        0.004680489,
        0.0043949110000000005,
        0.00404626,
        0.004024962,
        0.004542519,
        0.004439553000000001,
        0.003991023000000001,
        0.0043119460000000005,
        0.004370852000000001,
        0.0044111,
        0.004359375,
        0.004144929,
        0.004415198,
        0.0044208220000000005,
        0.004409472,
        0.004241063000000001,
        0.004190161,
        0.004502291,
        0.0042414900000000005,
        0.0043340900000000005,
        0.0038939,
        0.004085537,
        0.004593465000000001,
        0.004138361
      ],
      "exit_codes": [
        0,
        0,
        0,
        0,
        0,
        0,
        0,
        0,
        0,
        0,
        0,
        0,
        0,
        0,
        0,
        0,
        0,
        0,
        0,
        0,
        0,
        0,
        0,
        0,
        0,
        0,
        0,
        0,
        0,
        0,
        0,
        0,
        0,
        0,
        0,
        0,
        0,
        0,
        0,
        0,
        0,
        0,
        0,
        0,
        0
      ]
    },
    {
      "command": "./build/algos/linear_search_vector_early_term n-chunked-random-s-4-w-uint32 n 10",
      "mean": 0.0042584917234042554,
      "stddev": 0.00017133321577820256,
      "median": 0.004251324,
      "user": 0.001201808510638298,
      "system": 0.0006797234042553192,
      "min": 0.003955976,
      "max": 0.004644645,
      "times": [
        0.004202181,
        0.0040907800000000005,
        0.004217445,
        0.004375923,
        0.004644645,
        0.0040437630000000006,
        0.004387994,
        0.004101111,
        0.004449126,
        0.004221922,
        0.004366073000000001,
        0.004535465000000001,
        0.0044658630000000005,
        0.004085213,
        0.0043620840000000004,
        0.004382192,
        0.004476562,
        0.0042868,
        0.004261787,
        0.003955976,
        0.004472726000000001,
        0.004592007,
        0.0043770810000000005,
        0.0041667990000000005,
        0.004149081000000001,
        0.004062668,
        0.004422449,
        0.004005781,
        0.0043057090000000004,
        0.004097123,
        0.004198523,
        0.004034205,
        0.004238376,
        0.0042665820000000005,
        0.004251324,
        0.0039994720000000004,
        0.003971383,
        0.004212648,
        0.004184234,
        0.004365505,
        0.00414619,
        0.00439853,
        0.004038018,
        0.004299247,
        0.004362134,
        0.0041835760000000005,
        0.004434835000000001
      ],